CREATE TABLE `users` (
  `id` varchar(255) PRIMARY KEY,
  `email` varchar(255) NOT NULL,
  `first_name` varchar(255) NOT NULL,
  `last_name` varchar(255) NOT NULL,
  `middle_name` varchar(255) NOT NULL,
  `is_online` varchar(255) NOT NULL,
  `created_at` timestamp DEFAULT now(),
  `modified_at` timestamp DEFAULT now() ON UPDATE CURRENT_TIMESTAMP
);

CREATE TABLE `message` (
  `id` int PRIMARY KEY AUTO_INCREMENT,
  `content` varchar(255) NOT NULL,
  `sender_id` varchar(255) NOT NULL,
  `group_id` varchar(255) NOT NULL,
  `is_event` boolean,
  `created_at` timestamp DEFAULT now(),
  `modified_at` timestamp DEFAULT now() ON UPDATE CURRENT_TIMESTAMP
);

CREATE TABLE `groupChat` (
  `id` varchar(255) PRIMARY KEY,
  `group_name` varchar(255) NOT NULL,
  `last_message` varchar(255) NOT NULL,
  `created_at` timestamp DEFAULT now(),
  `modified_at` timestamp DEFAULT now() ON UPDATE CURRENT_TIMESTAMP
);

CREATE TABLE `userGroup` (
  `id` int PRIMARY KEY AUTO_INCREMENT,
  `user_id` varchar(255) NOT NULL,
  `group_id` varchar(255) NOT NULL,
  `is_active` boolean NOT NULL,
  `created_at` timestamp DEFAULT now(),
  `modified_at` timestamp DEFAULT now() ON UPDATE CURRENT_TIMESTAMP
);

CREATE TABLE `contact` (
  `id` int PRIMARY KEY AUTO_INCREMENT,
  `user_id` varchar(255) NOT NULL,
  `contact` varchar(255) NOT NULL,
  `type` varchar(255),
  `created_at` timestamp DEFAULT now(),
  `modified_at` timestamp DEFAULT now() ON UPDATE CURRENT_TIMESTAMP
);

CREATE TABLE `notification` (
  `id_notify` int PRIMARY KEY AUTO_INCREMENT,
  `user_id` varchar(255) NOT NULL,
  `notify_type` varchar(255) NOT NULL,
  `notify_desc` varchar(255) NOT NULL,
  `status` boolean,
  `created_at` timestamp DEFAULT now(),
  `modified_at` timestamp DEFAULT now() ON UPDATE CURRENT_TIMESTAMP
);

ALTER TABLE `notification` ADD FOREIGN KEY (`user_id`) REFERENCES `users` (`id`);

ALTER TABLE `userGroup` ADD FOREIGN KEY (`user_id`) REFERENCES `users` (`id`);

ALTER TABLE `userGroup` ADD FOREIGN KEY (`group_id`) REFERENCES `groupChat` (`id`);

ALTER TABLE `message` ADD FOREIGN KEY (`sender_id`) REFERENCES `users` (`id`);

ALTER TABLE `message` ADD FOREIGN KEY (`group_id`) REFERENCES `groupChat` (`id`);

ALTER TABLE `contact` ADD FOREIGN KEY (`user_id`) REFERENCES `users` (`id`);

INSERT INTO chatting.users (id, email, first_name, last_name, middle_name, is_online, created_at, modified_at) VALUES ('61346cfafc13ae32c800000a', 'klawrey0@smh.com.au', 'Kayle', 'Lawrey', 'Dilaudid HP', '0', '2021-09-11 10:30:57', '2021-09-11 10:30:57');
INSERT INTO chatting.users (id, email, first_name, last_name, middle_name, is_online, created_at, modified_at) VALUES ('61346cfafc13ae32c800000b', 'oironmonger1@hibu.com', 'Orrin', 'Ironmonger', 'buprenorphine hydrochloride', '1', '2021-09-11 10:30:57', '2021-09-11 10:30:57');
INSERT INTO chatting.users (id, email, first_name, last_name, middle_name, is_online, created_at, modified_at) VALUES ('61346cfafc13ae32c800000c', 'bbenezet2@paginegialle.it', 'Barbie', 'Benezet', 'wet n wild', '1', '2021-09-11 10:30:57', '2021-09-11 10:30:57');
INSERT INTO chatting.users (id, email, first_name, last_name, middle_name, is_online, created_at, modified_at) VALUES ('61346cfafc13ae32c800000d', 'gdilliston3@bing.com', 'Goran', 'Dilliston', 'Wheat Bunt', '0', '2021-09-11 10:30:57', '2021-09-11 10:30:57');
INSERT INTO chatting.users (id, email, first_name, last_name, middle_name, is_online, created_at, modified_at) VALUES ('61346cfafc13ae32c800000e', 'fpenny4@techcrunch.com', 'Frazer', 'Penny', 'SAFEWAY', '0', '2021-09-11 10:30:57', '2021-09-11 10:30:57');
INSERT INTO chatting.users (id, email, first_name, last_name, middle_name, is_online, created_at, modified_at) VALUES ('61346cfafc13ae32c800000f', 'afarquar5@fc2.com', 'Annaliese', 'Farquar', 'ANTIBACTERIAL FOAMING', '0', '2021-09-11 10:30:57', '2021-09-11 10:30:57');
INSERT INTO chatting.users (id, email, first_name, last_name, middle_name, is_online, created_at, modified_at) VALUES ('61346cfafc13ae32c8000010', 'mbrislen6@symantec.com', 'Mendy', 'Brislen', 'SYAGRUS ROMANZOFFIANA POLLEN', '0', '2021-09-11 10:30:57', '2021-09-11 10:30:57');
INSERT INTO chatting.users (id, email, first_name, last_name, middle_name, is_online, created_at, modified_at) VALUES ('61346cfafc13ae32c8000011', 'esam7@nytimes.com', 'Ethelbert', 'Sam', 'Sandy Beige Always color stay-on Makeup Broad Spectrum SPF 15', '1', '2021-09-11 10:30:57', '2021-09-11 10:30:57');
INSERT INTO chatting.users (id, email, first_name, last_name, middle_name, is_online, created_at, modified_at) VALUES ('61346cfafc13ae32c8000012', 'nrookeby8@abc.net.au', 'Nestor', 'Rookeby', 'Gabapentin', '0', '2021-09-11 10:30:57', '2021-09-11 10:30:57');
INSERT INTO chatting.users (id, email, first_name, last_name, middle_name, is_online, created_at, modified_at) VALUES ('61346cfafc13ae32c8000013', 'gtoe9@scribd.com', 'Gran', 'Toe', 'Americaine', '0', '2021-09-11 10:30:57', '2021-09-11 10:30:57');
INSERT INTO chatting.users (id, email, first_name, last_name, middle_name, is_online, created_at, modified_at) VALUES ('61346cfafc13ae32c8000014', 'hupcrafta@theatlantic.com', 'Halette', 'Upcraft', 'Lachesis Mutus', '0', '2021-09-11 10:30:57', '2021-09-11 10:30:57');
INSERT INTO chatting.users (id, email, first_name, last_name, middle_name, is_online, created_at, modified_at) VALUES ('61346cfafc13ae32c8000015', 'jpiburnb@ihg.com', 'Jephthah', 'Piburn', 'Podofilox', '0', '2021-09-11 10:30:57', '2021-09-11 10:30:57');
INSERT INTO chatting.users (id, email, first_name, last_name, middle_name, is_online, created_at, modified_at) VALUES ('61346cfafc13ae32c8000016', 'fmartinezc@ebay.co.uk', 'Fred', 'Martinez', 'CUT CLEANER', '1', '2021-09-11 10:30:57', '2021-09-11 10:30:57');
INSERT INTO chatting.users (id, email, first_name, last_name, middle_name, is_online, created_at, modified_at) VALUES ('61346cfafc13ae32c8000017', 'obrowelld@alibaba.com', 'Odella', 'Browell', 'CVTOX', '1', '2021-09-11 10:30:57', '2021-09-11 10:30:57');
INSERT INTO chatting.users (id, email, first_name, last_name, middle_name, is_online, created_at, modified_at) VALUES ('61346cfafc13ae32c8000018', 'istapelse@sun.com', 'Isaac', 'Stapels', 'Cyanocobalamin', '1', '2021-09-11 10:30:57', '2021-09-11 10:30:57');
INSERT INTO chatting.users (id, email, first_name, last_name, middle_name, is_online, created_at, modified_at) VALUES ('61346cfafc13ae32c8000019', 'jdummettf@tuttocitta.it', 'Jerrold', 'Dummett', 'equaline ibuprofen', '0', '2021-09-11 10:30:57', '2021-09-11 10:30:57');
INSERT INTO chatting.users (id, email, first_name, last_name, middle_name, is_online, created_at, modified_at) VALUES ('61346cfafc13ae32c800001a', 'acrateg@nih.gov', 'Arny', 'Crate', 'shing-Releev', '1', '2021-09-11 10:30:57', '2021-09-11 10:30:57');
INSERT INTO chatting.users (id, email, first_name, last_name, middle_name, is_online, created_at, modified_at) VALUES ('61346cfafc13ae32c800001b', 'bheadingh@apache.org', 'Bunny', 'Heading', 'Healthy Accents Pain Relief', '1', '2021-09-11 10:30:57', '2021-09-11 10:30:57');
INSERT INTO chatting.users (id, email, first_name, last_name, middle_name, is_online, created_at, modified_at) VALUES ('61346cfafc13ae32c800001c', 'gjennrichi@pagesperso-orange.fr', 'Gerald', 'Jennrich', 'KLEENEX E2 Foam Skin Cleanser', '0', '2021-09-11 10:30:57', '2021-09-11 10:30:57');
INSERT INTO chatting.users (id, email, first_name, last_name, middle_name, is_online, created_at, modified_at) VALUES ('61346cfafc13ae32c800001d', 'hmatyushonokj@nature.com', 'Hank', 'Matyushonok', 'benzonatate', '0', '2021-09-11 10:30:57', '2021-09-11 10:30:57');
INSERT INTO chatting.users (id, email, first_name, last_name, middle_name, is_online, created_at, modified_at) VALUES ('61346cfafc13ae32c800001e', 'dmorchk@yahoo.com', 'Dani', 'Morch', 'IMIPRAMINE PAMOATE', '1', '2021-09-11 10:30:57', '2021-09-11 10:30:57');
INSERT INTO chatting.users (id, email, first_name, last_name, middle_name, is_online, created_at, modified_at) VALUES ('61346cfafc13ae32c800001f', 'bboheal@virginia.edu', 'Berthe', 'Bohea', 'TUMS', '1', '2021-09-11 10:30:57', '2021-09-11 10:30:57');
INSERT INTO chatting.users (id, email, first_name, last_name, middle_name, is_online, created_at, modified_at) VALUES ('61346cfafc13ae32c8000020', 'dveryardm@geocities.jp', 'Dasya', 'Veryard', 'Asthma', '0', '2021-09-11 10:30:57', '2021-09-11 10:30:57');
INSERT INTO chatting.users (id, email, first_name, last_name, middle_name, is_online, created_at, modified_at) VALUES ('61346cfafc13ae32c8000021', 'tlindenstraussn@google.it', 'Taddeo', 'Lindenstrauss', 'Ramipril', '1', '2021-09-11 10:30:57', '2021-09-11 10:30:57');
INSERT INTO chatting.users (id, email, first_name, last_name, middle_name, is_online, created_at, modified_at) VALUES ('61346cfafc13ae32c8000022', 'alindero@hhs.gov', 'Agnes', 'Linder', 'Octreotide Acetate', '0', '2021-09-11 10:30:57', '2021-09-11 10:30:57');
INSERT INTO chatting.users (id, email, first_name, last_name, middle_name, is_online, created_at, modified_at) VALUES ('61346cfafc13ae32c8000023', 'larneckep@usda.gov', 'Larina', 'Arnecke', 'sunmark antacid', '1', '2021-09-11 10:30:57', '2021-09-11 10:30:57');
INSERT INTO chatting.users (id, email, first_name, last_name, middle_name, is_online, created_at, modified_at) VALUES ('61346cfafc13ae32c8000024', 'iuttridgeq@ihg.com', 'Ilse', 'Uttridge', 'Phenyl Isothiocyanate', '0', '2021-09-11 10:30:57', '2021-09-11 10:30:57');
INSERT INTO chatting.users (id, email, first_name, last_name, middle_name, is_online, created_at, modified_at) VALUES ('61346cfafc13ae32c8000025', 'umclellandr@joomla.org', 'Udale', 'McLelland', 'Lucky', '0', '2021-09-11 10:30:57', '2021-09-11 10:30:57');
INSERT INTO chatting.users (id, email, first_name, last_name, middle_name, is_online, created_at, modified_at) VALUES ('61346cfafc13ae32c8000026', 'lforders@howstuffworks.com', 'Ladonna', 'Forder', 'DR. IASO', '1', '2021-09-11 10:30:57', '2021-09-11 10:30:57');
INSERT INTO chatting.users (id, email, first_name, last_name, middle_name, is_online, created_at, modified_at) VALUES ('61346cfafc13ae32c8000027', 'fassaft@virginia.edu', 'Freemon', 'Assaf', 'Hydrocodone Bitartrate and Acetaminophen Tablets', '0', '2021-09-11 10:30:57', '2021-09-11 10:30:57');
INSERT INTO chatting.users (id, email, first_name, last_name, middle_name, is_online, created_at, modified_at) VALUES ('61346cfafc13ae32c8000028', 'bchappleu@ebay.co.uk', 'Bartholemy', 'Chapple', 'Quelicin', '1', '2021-09-11 10:30:57', '2021-09-11 10:30:57');
INSERT INTO chatting.users (id, email, first_name, last_name, middle_name, is_online, created_at, modified_at) VALUES ('61346cfafc13ae32c8000029', 'icastlev@yellowbook.com', 'Iorgos', 'Castle', 'Methocarbamol', '1', '2021-09-11 10:30:57', '2021-09-11 10:30:57');
INSERT INTO chatting.users (id, email, first_name, last_name, middle_name, is_online, created_at, modified_at) VALUES ('61346cfafc13ae32c800002a', 'hpavlishchevw@time.com', 'Honey', 'Pavlishchev', 'Ondansetron Hydrochloride', '0', '2021-09-11 10:30:57', '2021-09-11 10:30:57');
INSERT INTO chatting.users (id, email, first_name, last_name, middle_name, is_online, created_at, modified_at) VALUES ('61346cfafc13ae32c800002b', 'mlearmontx@ca.gov', 'Mabel', 'Learmont', 'Alprazolam', '0', '2021-09-11 10:30:58', '2021-09-11 10:30:58');
INSERT INTO chatting.users (id, email, first_name, last_name, middle_name, is_online, created_at, modified_at) VALUES ('61346cfafc13ae32c800002c', 'bjestey@ucla.edu', 'Bartholomeo', 'Jeste', 'MEGACE', '1', '2021-09-11 10:30:58', '2021-09-11 10:30:58');
INSERT INTO chatting.users (id, email, first_name, last_name, middle_name, is_online, created_at, modified_at) VALUES ('61346cfafc13ae32c800002d', 'priegerz@a8.net', 'Pia', 'Rieger', 'Antimicrobial Wipes Citrus Scented', '1', '2021-09-11 10:30:58', '2021-09-11 10:30:58');
INSERT INTO chatting.users (id, email, first_name, last_name, middle_name, is_online, created_at, modified_at) VALUES ('61346cfafc13ae32c800002e', 'tbockmaster10@wikispaces.com', 'Tabatha', 'Bockmaster', 'Quetiapine Fumarate', '1', '2021-09-11 10:30:58', '2021-09-11 10:30:58');
INSERT INTO chatting.users (id, email, first_name, last_name, middle_name, is_online, created_at, modified_at) VALUES ('61346cfafc13ae32c800002f', 'aeymor11@java.com', 'Abeu', 'Eymor', 'Treatment Set TS333519', '0', '2021-09-11 10:30:58', '2021-09-11 10:30:58');
INSERT INTO chatting.users (id, email, first_name, last_name, middle_name, is_online, created_at, modified_at) VALUES ('61346cfafc13ae32c8000030', 'zmacintyre12@squarespace.com', 'Zebedee', 'MacIntyre', 'M WOMANS EROS BODY GLIDE', '1', '2021-09-11 10:30:58', '2021-09-11 10:30:58');
INSERT INTO chatting.users (id, email, first_name, last_name, middle_name, is_online, created_at, modified_at) VALUES ('61346cfafc13ae32c8000031', 'pheisler13@hugedomains.com', 'Pernell', 'Heisler', 'Maximum Strength Menstrual Relief', '1', '2021-09-11 10:30:58', '2021-09-11 10:30:58');
INSERT INTO chatting.users (id, email, first_name, last_name, middle_name, is_online, created_at, modified_at) VALUES ('61346cfafc13ae32c8000032', 'aburtt14@engadget.com', 'Ashil', 'Burtt', 'VAGI-CURE (MAXIMUM STRENGTH)', '1', '2021-09-11 10:30:58', '2021-09-11 10:30:58');
INSERT INTO chatting.users (id, email, first_name, last_name, middle_name, is_online, created_at, modified_at) VALUES ('61346cfafc13ae32c8000033', 'eaulds15@washingtonpost.com', 'Edlin', 'Aulds', 'Cepacol', '0', '2021-09-11 10:30:58', '2021-09-11 10:30:58');
INSERT INTO chatting.users (id, email, first_name, last_name, middle_name, is_online, created_at, modified_at) VALUES ('61346cfafc13ae32c8000034', 'tgarret16@clickbank.net', 'Thibaut', 'Garret', 'Hansan Spray', '1', '2021-09-11 10:30:58', '2021-09-11 10:30:58');
INSERT INTO chatting.users (id, email, first_name, last_name, middle_name, is_online, created_at, modified_at) VALUES ('61346cfafc13ae32c8000035', 'vguihen17@youtu.be', 'Vanni', 'Guihen', 'Paroxetine Hydrochloride', '0', '2021-09-11 10:30:58', '2021-09-11 10:30:58');
INSERT INTO chatting.users (id, email, first_name, last_name, middle_name, is_online, created_at, modified_at) VALUES ('61346cfafc13ae32c8000036', 'rsaywood18@marriott.com', 'Rena', 'Saywood', 'Birch', '1', '2021-09-11 10:30:58', '2021-09-11 10:30:58');
INSERT INTO chatting.users (id, email, first_name, last_name, middle_name, is_online, created_at, modified_at) VALUES ('61346cfafc13ae32c8000037', 'aenstone19@mtv.com', 'Augustin', 'Enstone', 'JANUVIA', '1', '2021-09-11 10:30:58', '2021-09-11 10:30:58');
INSERT INTO chatting.users (id, email, first_name, last_name, middle_name, is_online, created_at, modified_at) VALUES ('61346cfafc13ae32c8000038', 'crickhuss1a@zdnet.com', 'Candis', 'Rickhuss', 'Methimazole', '1', '2021-09-11 10:30:58', '2021-09-11 10:30:58');
INSERT INTO chatting.users (id, email, first_name, last_name, middle_name, is_online, created_at, modified_at) VALUES ('61346cfafc13ae32c8000039', 'mhenstridge1b@icq.com', 'Matthias', 'Henstridge', 'K-EFFERVESCENT', '1', '2021-09-11 10:30:58', '2021-09-11 10:30:58');
INSERT INTO chatting.users (id, email, first_name, last_name, middle_name, is_online, created_at, modified_at) VALUES ('61346cfafc13ae32c800003a', 'mhuggett1c@howstuffworks.com', 'Meghan', 'Huggett', 'Synthroid', '1', '2021-09-11 10:30:58', '2021-09-11 10:30:58');
INSERT INTO chatting.users (id, email, first_name, last_name, middle_name, is_online, created_at, modified_at) VALUES ('61346cfafc13ae32c800003b', 'aoteague1d@tinyurl.com', 'Ashlen', 'O''Teague', 'Vitamin E Moisture', '0', '2021-09-11 10:30:58', '2021-09-11 10:30:58');

INSERT INTO chatting.contact (id, user_id, contact, type, created_at, modified_at) VALUES (1, '61346cfafc13ae32c800000a', '61346cfafc13ae32c800000b', 'friend', '2021-09-11 14:28:17', '2021-09-11 14:28:17');
INSERT INTO chatting.contact (id, user_id, contact, type, created_at, modified_at) VALUES (2, '61346cfafc13ae32c800000b', '61346cfafc13ae32c800000a', 'friend', '2021-09-11 14:28:17', '2021-09-11 14:28:17');
INSERT INTO chatting.contact (id, user_id, contact, type, created_at, modified_at) VALUES (3, '61346cfafc13ae32c800000a', '61346cfafc13ae32c800000c', 'friend', '2021-09-11 14:28:17', '2021-09-11 14:28:17');
INSERT INTO chatting.contact (id, user_id, contact, type, created_at, modified_at) VALUES (4, '61346cfafc13ae32c800000c', '61346cfafc13ae32c800000a', 'friend', '2021-09-11 14:28:17', '2021-09-11 14:28:17');
INSERT INTO chatting.contact (id, user_id, contact, type, created_at, modified_at) VALUES (5, '61346cfafc13ae32c800000a', '61346cfafc13ae32c800000d', 'friend', '2021-09-11 14:28:17', '2021-09-11 14:28:17');
INSERT INTO chatting.contact (id, user_id, contact, type, created_at, modified_at) VALUES (6, '61346cfafc13ae32c800000d', '61346cfafc13ae32c800000a', 'friend', '2021-09-11 14:28:17', '2021-09-11 14:28:17');
INSERT INTO chatting.contact (id, user_id, contact, type, created_at, modified_at) VALUES (7, '61346cfafc13ae32c800000a', '61346cfafc13ae32c800000e', 'friend', '2021-09-11 14:28:17', '2021-09-11 14:28:17');
INSERT INTO chatting.contact (id, user_id, contact, type, created_at, modified_at) VALUES (8, '61346cfafc13ae32c800000e', '61346cfafc13ae32c800000a', 'friend', '2021-09-11 14:28:17', '2021-09-11 14:28:17');
INSERT INTO chatting.contact (id, user_id, contact, type, created_at, modified_at) VALUES (9, '61346cfafc13ae32c800000a', '61346cfafc13ae32c800000f', 'friend', '2021-09-11 14:28:17', '2021-09-11 14:28:17');
INSERT INTO chatting.contact (id, user_id, contact, type, created_at, modified_at) VALUES (10, '61346cfafc13ae32c800000f', '61346cfafc13ae32c800000a', 'friend', '2021-09-11 14:28:17', '2021-09-11 14:28:17');
INSERT INTO chatting.contact (id, user_id, contact, type, created_at, modified_at) VALUES (11, '61346cfafc13ae32c800000a', '61346cfafc13ae32c8000010', 'friend', '2021-09-11 14:28:17', '2021-09-11 14:28:17');
INSERT INTO chatting.contact (id, user_id, contact, type, created_at, modified_at) VALUES (12, '61346cfafc13ae32c8000010', '61346cfafc13ae32c800000a', 'friend', '2021-09-11 14:28:17', '2021-09-11 14:28:17');
INSERT INTO chatting.contact (id, user_id, contact, type, created_at, modified_at) VALUES (13, '61346cfafc13ae32c800000a', '61346cfafc13ae32c8000011', 'friend', '2021-09-11 14:28:17', '2021-09-11 14:28:17');
INSERT INTO chatting.contact (id, user_id, contact, type, created_at, modified_at) VALUES (14, '61346cfafc13ae32c8000011', '61346cfafc13ae32c800000a', 'friend', '2021-09-11 14:28:17', '2021-09-11 14:28:17');
INSERT INTO chatting.contact (id, user_id, contact, type, created_at, modified_at) VALUES (15, '61346cfafc13ae32c800000a', '61346cfafc13ae32c8000012', 'friend', '2021-09-11 14:28:17', '2021-09-11 14:28:17');
INSERT INTO chatting.contact (id, user_id, contact, type, created_at, modified_at) VALUES (16, '61346cfafc13ae32c8000012', '61346cfafc13ae32c800000a', 'friend', '2021-09-11 14:28:17', '2021-09-11 14:28:17');
INSERT INTO chatting.contact (id, user_id, contact, type, created_at, modified_at) VALUES (17, '61346cfafc13ae32c800000a', '61346cfafc13ae32c8000013', 'friend', '2021-09-11 14:28:17', '2021-09-11 14:28:17');
INSERT INTO chatting.contact (id, user_id, contact, type, created_at, modified_at) VALUES (18, '61346cfafc13ae32c8000013', '61346cfafc13ae32c800000a', 'friend', '2021-09-11 14:28:17', '2021-09-11 14:28:17');
INSERT INTO chatting.contact (id, user_id, contact, type, created_at, modified_at) VALUES (19, '61346cfafc13ae32c800000a', '61346cfafc13ae32c8000014', 'friend', '2021-09-11 14:28:17', '2021-09-11 14:28:17');
INSERT INTO chatting.contact (id, user_id, contact, type, created_at, modified_at) VALUES (20, '61346cfafc13ae32c8000014', '61346cfafc13ae32c800000a', 'friend', '2021-09-11 14:28:17', '2021-09-11 14:28:17');
INSERT INTO chatting.contact (id, user_id, contact, type, created_at, modified_at) VALUES (21, '61346cfafc13ae32c800000a', '61346cfafc13ae32c8000015', 'friend', '2021-09-11 14:28:17', '2021-09-11 14:28:17');
INSERT INTO chatting.contact (id, user_id, contact, type, created_at, modified_at) VALUES (22, '61346cfafc13ae32c8000015', '61346cfafc13ae32c800000a', 'friend', '2021-09-11 14:28:17', '2021-09-11 14:28:17');
INSERT INTO chatting.contact (id, user_id, contact, type, created_at, modified_at) VALUES (23, '61346cfafc13ae32c800000a', '61346cfafc13ae32c8000016', 'friend', '2021-09-11 14:28:17', '2021-09-11 14:28:17');
INSERT INTO chatting.contact (id, user_id, contact, type, created_at, modified_at) VALUES (24, '61346cfafc13ae32c8000016', '61346cfafc13ae32c800000a', 'friend', '2021-09-11 14:28:17', '2021-09-11 14:28:17');
INSERT INTO chatting.contact (id, user_id, contact, type, created_at, modified_at) VALUES (25, '61346cfafc13ae32c800000a', '61346cfafc13ae32c8000017', 'friend', '2021-09-11 14:28:17', '2021-09-11 14:28:17');
INSERT INTO chatting.contact (id, user_id, contact, type, created_at, modified_at) VALUES (26, '61346cfafc13ae32c8000017', '61346cfafc13ae32c800000a', 'friend', '2021-09-11 14:28:17', '2021-09-11 14:28:17');
INSERT INTO chatting.contact (id, user_id, contact, type, created_at, modified_at) VALUES (27, '61346cfafc13ae32c800000a', '61346cfafc13ae32c8000018', 'friend', '2021-09-11 14:28:17', '2021-09-11 14:28:17');
INSERT INTO chatting.contact (id, user_id, contact, type, created_at, modified_at) VALUES (28, '61346cfafc13ae32c8000018', '61346cfafc13ae32c800000a', 'friend', '2021-09-11 14:28:17', '2021-09-11 14:28:17');
INSERT INTO chatting.contact (id, user_id, contact, type, created_at, modified_at) VALUES (29, '61346cfafc13ae32c800000a', '61346cfafc13ae32c8000019', 'friend', '2021-09-11 14:28:17', '2021-09-11 14:28:17');
INSERT INTO chatting.contact (id, user_id, contact, type, created_at, modified_at) VALUES (30, '61346cfafc13ae32c8000019', '61346cfafc13ae32c800000a', 'friend', '2021-09-11 14:28:17', '2021-09-11 14:28:17');
INSERT INTO chatting.contact (id, user_id, contact, type, created_at, modified_at) VALUES (31, '61346cfafc13ae32c800000a', '61346cfafc13ae32c800001a', 'friend', '2021-09-11 14:28:17', '2021-09-11 14:28:17');
INSERT INTO chatting.contact (id, user_id, contact, type, created_at, modified_at) VALUES (32, '61346cfafc13ae32c800001a', '61346cfafc13ae32c800000a', 'friend', '2021-09-11 14:28:17', '2021-09-11 14:28:17');
INSERT INTO chatting.contact (id, user_id, contact, type, created_at, modified_at) VALUES (33, '61346cfafc13ae32c800000a', '61346cfafc13ae32c800001b', 'friend', '2021-09-11 14:28:17', '2021-09-11 14:28:17');
INSERT INTO chatting.contact (id, user_id, contact, type, created_at, modified_at) VALUES (34, '61346cfafc13ae32c800001b', '61346cfafc13ae32c800000a', 'friend', '2021-09-11 14:28:17', '2021-09-11 14:28:17');
INSERT INTO chatting.contact (id, user_id, contact, type, created_at, modified_at) VALUES (35, '61346cfafc13ae32c800000a', '61346cfafc13ae32c800001c', 'friend', '2021-09-11 14:28:17', '2021-09-11 14:28:17');
INSERT INTO chatting.contact (id, user_id, contact, type, created_at, modified_at) VALUES (36, '61346cfafc13ae32c800001c', '61346cfafc13ae32c800000a', 'friend', '2021-09-11 14:28:17', '2021-09-11 14:28:17');
INSERT INTO chatting.contact (id, user_id, contact, type, created_at, modified_at) VALUES (37, '61346cfafc13ae32c800000a', '61346cfafc13ae32c800001d', 'friend', '2021-09-11 14:28:17', '2021-09-11 14:28:17');
INSERT INTO chatting.contact (id, user_id, contact, type, created_at, modified_at) VALUES (38, '61346cfafc13ae32c800001d', '61346cfafc13ae32c800000a', 'friend', '2021-09-11 14:28:17', '2021-09-11 14:28:17');
INSERT INTO chatting.contact (id, user_id, contact, type, created_at, modified_at) VALUES (39, '61346cfafc13ae32c800000a', '61346cfafc13ae32c800001e', 'friend', '2021-09-11 14:28:17', '2021-09-11 14:28:17');
INSERT INTO chatting.contact (id, user_id, contact, type, created_at, modified_at) VALUES (40, '61346cfafc13ae32c800001e', '61346cfafc13ae32c800000a', 'friend', '2021-09-11 14:28:17', '2021-09-11 14:28:17');
INSERT INTO chatting.contact (id, user_id, contact, type, created_at, modified_at) VALUES (41, '61346cfafc13ae32c800000a', '61346cfafc13ae32c800001f', 'friend', '2021-09-11 14:28:17', '2021-09-11 14:28:17');
INSERT INTO chatting.contact (id, user_id, contact, type, created_at, modified_at) VALUES (42, '61346cfafc13ae32c800001f', '61346cfafc13ae32c800000a', 'friend', '2021-09-11 14:28:17', '2021-09-11 14:28:17');
INSERT INTO chatting.contact (id, user_id, contact, type, created_at, modified_at) VALUES (43, '61346cfafc13ae32c800000a', '61346cfafc13ae32c8000020', 'friend', '2021-09-11 14:28:17', '2021-09-11 14:28:17');
INSERT INTO chatting.contact (id, user_id, contact, type, created_at, modified_at) VALUES (44, '61346cfafc13ae32c8000020', '61346cfafc13ae32c800000a', 'friend', '2021-09-11 14:28:17', '2021-09-11 14:28:17');
INSERT INTO chatting.contact (id, user_id, contact, type, created_at, modified_at) VALUES (45, '61346cfafc13ae32c800000a', '61346cfafc13ae32c8000021', 'friend', '2021-09-11 14:28:17', '2021-09-11 14:28:17');
INSERT INTO chatting.contact (id, user_id, contact, type, created_at, modified_at) VALUES (46, '61346cfafc13ae32c8000021', '61346cfafc13ae32c800000a', 'friend', '2021-09-11 14:28:17', '2021-09-11 14:28:17');
INSERT INTO chatting.contact (id, user_id, contact, type, created_at, modified_at) VALUES (47, '61346cfafc13ae32c800000a', '61346cfafc13ae32c8000022', 'friend', '2021-09-11 14:28:17', '2021-09-11 14:28:17');
INSERT INTO chatting.contact (id, user_id, contact, type, created_at, modified_at) VALUES (48, '61346cfafc13ae32c8000022', '61346cfafc13ae32c800000a', 'friend', '2021-09-11 14:28:17', '2021-09-11 14:28:17');
INSERT INTO chatting.contact (id, user_id, contact, type, created_at, modified_at) VALUES (49, '61346cfafc13ae32c8000023', '61346cfafc13ae32c8000024', 'friend', '2021-09-11 14:28:17', '2021-09-11 14:28:17');
INSERT INTO chatting.contact (id, user_id, contact, type, created_at, modified_at) VALUES (50, '61346cfafc13ae32c8000024', '61346cfafc13ae32c8000023', 'friend', '2021-09-11 14:28:17', '2021-09-11 14:28:17');
INSERT INTO chatting.contact (id, user_id, contact, type, created_at, modified_at) VALUES (51, '61346cfafc13ae32c8000023', '61346cfafc13ae32c8000025', 'friend', '2021-09-11 14:28:17', '2021-09-11 14:28:17');
INSERT INTO chatting.contact (id, user_id, contact, type, created_at, modified_at) VALUES (52, '61346cfafc13ae32c8000025', '61346cfafc13ae32c8000023', 'friend', '2021-09-11 14:28:17', '2021-09-11 14:28:17');
INSERT INTO chatting.contact (id, user_id, contact, type, created_at, modified_at) VALUES (53, '61346cfafc13ae32c8000023', '61346cfafc13ae32c8000026', 'friend', '2021-09-11 14:28:17', '2021-09-11 14:28:17');
INSERT INTO chatting.contact (id, user_id, contact, type, created_at, modified_at) VALUES (54, '61346cfafc13ae32c8000026', '61346cfafc13ae32c8000023', 'friend', '2021-09-11 14:28:17', '2021-09-11 14:28:17');
INSERT INTO chatting.contact (id, user_id, contact, type, created_at, modified_at) VALUES (55, '61346cfafc13ae32c8000023', '61346cfafc13ae32c8000027', 'friend', '2021-09-11 14:28:17', '2021-09-11 14:28:17');
INSERT INTO chatting.contact (id, user_id, contact, type, created_at, modified_at) VALUES (56, '61346cfafc13ae32c8000027', '61346cfafc13ae32c8000023', 'friend', '2021-09-11 14:28:17', '2021-09-11 14:28:17');
INSERT INTO chatting.contact (id, user_id, contact, type, created_at, modified_at) VALUES (57, '61346cfafc13ae32c8000023', '61346cfafc13ae32c8000028', 'friend', '2021-09-11 14:28:17', '2021-09-11 14:28:17');
INSERT INTO chatting.contact (id, user_id, contact, type, created_at, modified_at) VALUES (58, '61346cfafc13ae32c8000028', '61346cfafc13ae32c8000023', 'friend', '2021-09-11 14:28:17', '2021-09-11 14:28:17');
INSERT INTO chatting.contact (id, user_id, contact, type, created_at, modified_at) VALUES (59, '61346cfafc13ae32c8000023', '61346cfafc13ae32c8000029', 'friend', '2021-09-11 14:28:17', '2021-09-11 14:28:17');
INSERT INTO chatting.contact (id, user_id, contact, type, created_at, modified_at) VALUES (60, '61346cfafc13ae32c8000029', '61346cfafc13ae32c8000023', 'friend', '2021-09-11 14:28:17', '2021-09-11 14:28:17');
INSERT INTO chatting.contact (id, user_id, contact, type, created_at, modified_at) VALUES (61, '61346cfafc13ae32c8000023', '61346cfafc13ae32c800002a', 'friend', '2021-09-11 14:28:17', '2021-09-11 14:28:17');
INSERT INTO chatting.contact (id, user_id, contact, type, created_at, modified_at) VALUES (62, '61346cfafc13ae32c800002a', '61346cfafc13ae32c8000023', 'friend', '2021-09-11 14:28:17', '2021-09-11 14:28:17');
INSERT INTO chatting.contact (id, user_id, contact, type, created_at, modified_at) VALUES (63, '61346cfafc13ae32c8000023', '61346cfafc13ae32c800002b', 'friend', '2021-09-11 14:28:17', '2021-09-11 14:28:17');
INSERT INTO chatting.contact (id, user_id, contact, type, created_at, modified_at) VALUES (64, '61346cfafc13ae32c800002b', '61346cfafc13ae32c8000023', 'friend', '2021-09-11 14:28:17', '2021-09-11 14:28:17');
INSERT INTO chatting.contact (id, user_id, contact, type, created_at, modified_at) VALUES (65, '61346cfafc13ae32c8000023', '61346cfafc13ae32c800002c', 'friend', '2021-09-11 14:28:17', '2021-09-11 14:28:17');
INSERT INTO chatting.contact (id, user_id, contact, type, created_at, modified_at) VALUES (66, '61346cfafc13ae32c800002c', '61346cfafc13ae32c8000023', 'friend', '2021-09-11 14:28:17', '2021-09-11 14:28:17');
INSERT INTO chatting.contact (id, user_id, contact, type, created_at, modified_at) VALUES (67, '61346cfafc13ae32c8000023', '61346cfafc13ae32c800002d', 'friend', '2021-09-11 14:28:17', '2021-09-11 14:28:17');
INSERT INTO chatting.contact (id, user_id, contact, type, created_at, modified_at) VALUES (68, '61346cfafc13ae32c800002d', '61346cfafc13ae32c8000023', 'friend', '2021-09-11 14:28:17', '2021-09-11 14:28:17');
INSERT INTO chatting.contact (id, user_id, contact, type, created_at, modified_at) VALUES (69, '61346cfafc13ae32c8000023', '61346cfafc13ae32c800002e', 'friend', '2021-09-11 14:28:17', '2021-09-11 14:28:17');
INSERT INTO chatting.contact (id, user_id, contact, type, created_at, modified_at) VALUES (70, '61346cfafc13ae32c800002e', '61346cfafc13ae32c8000023', 'friend', '2021-09-11 14:28:17', '2021-09-11 14:28:17');
INSERT INTO chatting.contact (id, user_id, contact, type, created_at, modified_at) VALUES (71, '61346cfafc13ae32c8000023', '61346cfafc13ae32c800002f', 'friend', '2021-09-11 14:28:17', '2021-09-11 14:28:17');
INSERT INTO chatting.contact (id, user_id, contact, type, created_at, modified_at) VALUES (72, '61346cfafc13ae32c800002f', '61346cfafc13ae32c8000023', 'friend', '2021-09-11 14:28:17', '2021-09-11 14:28:17');
INSERT INTO chatting.contact (id, user_id, contact, type, created_at, modified_at) VALUES (73, '61346cfafc13ae32c8000023', '61346cfafc13ae32c8000030', 'friend', '2021-09-11 14:28:17', '2021-09-11 14:28:17');
INSERT INTO chatting.contact (id, user_id, contact, type, created_at, modified_at) VALUES (74, '61346cfafc13ae32c8000030', '61346cfafc13ae32c8000023', 'friend', '2021-09-11 14:28:17', '2021-09-11 14:28:17');
INSERT INTO chatting.contact (id, user_id, contact, type, created_at, modified_at) VALUES (75, '61346cfafc13ae32c8000023', '61346cfafc13ae32c8000031', 'friend', '2021-09-11 14:28:17', '2021-09-11 14:28:17');
INSERT INTO chatting.contact (id, user_id, contact, type, created_at, modified_at) VALUES (76, '61346cfafc13ae32c8000031', '61346cfafc13ae32c8000023', 'friend', '2021-09-11 14:28:17', '2021-09-11 14:28:17');
INSERT INTO chatting.contact (id, user_id, contact, type, created_at, modified_at) VALUES (77, '61346cfafc13ae32c8000023', '61346cfafc13ae32c8000032', 'friend', '2021-09-11 14:28:17', '2021-09-11 14:28:17');
INSERT INTO chatting.contact (id, user_id, contact, type, created_at, modified_at) VALUES (78, '61346cfafc13ae32c8000032', '61346cfafc13ae32c8000023', 'friend', '2021-09-11 14:28:17', '2021-09-11 14:28:17');
INSERT INTO chatting.contact (id, user_id, contact, type, created_at, modified_at) VALUES (79, '61346cfafc13ae32c8000023', '61346cfafc13ae32c8000033', 'friend', '2021-09-11 14:28:17', '2021-09-11 14:28:17');
INSERT INTO chatting.contact (id, user_id, contact, type, created_at, modified_at) VALUES (80, '61346cfafc13ae32c8000033', '61346cfafc13ae32c8000023', 'friend', '2021-09-11 14:28:17', '2021-09-11 14:28:17');
INSERT INTO chatting.contact (id, user_id, contact, type, created_at, modified_at) VALUES (81, '61346cfafc13ae32c8000023', '61346cfafc13ae32c8000034', 'friend', '2021-09-11 14:28:17', '2021-09-11 14:28:17');
INSERT INTO chatting.contact (id, user_id, contact, type, created_at, modified_at) VALUES (82, '61346cfafc13ae32c8000034', '61346cfafc13ae32c8000023', 'friend', '2021-09-11 14:28:17', '2021-09-11 14:28:17');
INSERT INTO chatting.contact (id, user_id, contact, type, created_at, modified_at) VALUES (83, '61346cfafc13ae32c8000023', '61346cfafc13ae32c8000035', 'friend', '2021-09-11 14:28:17', '2021-09-11 14:28:17');
INSERT INTO chatting.contact (id, user_id, contact, type, created_at, modified_at) VALUES (84, '61346cfafc13ae32c8000035', '61346cfafc13ae32c8000023', 'friend', '2021-09-11 14:28:17', '2021-09-11 14:28:17');
INSERT INTO chatting.contact (id, user_id, contact, type, created_at, modified_at) VALUES (85, '61346cfafc13ae32c8000023', '61346cfafc13ae32c8000036', 'friend', '2021-09-11 14:28:17', '2021-09-11 14:28:17');
INSERT INTO chatting.contact (id, user_id, contact, type, created_at, modified_at) VALUES (86, '61346cfafc13ae32c8000036', '61346cfafc13ae32c8000023', 'friend', '2021-09-11 14:28:17', '2021-09-11 14:28:17');
INSERT INTO chatting.contact (id, user_id, contact, type, created_at, modified_at) VALUES (87, '61346cfafc13ae32c8000023', '61346cfafc13ae32c8000037', 'friend', '2021-09-11 14:28:17', '2021-09-11 14:28:17');
INSERT INTO chatting.contact (id, user_id, contact, type, created_at, modified_at) VALUES (88, '61346cfafc13ae32c8000037', '61346cfafc13ae32c8000023', 'friend', '2021-09-11 14:28:17', '2021-09-11 14:28:17');
INSERT INTO chatting.contact (id, user_id, contact, type, created_at, modified_at) VALUES (89, '61346cfafc13ae32c8000023', '61346cfafc13ae32c8000038', 'friend', '2021-09-11 14:28:17', '2021-09-11 14:28:17');
INSERT INTO chatting.contact (id, user_id, contact, type, created_at, modified_at) VALUES (90, '61346cfafc13ae32c8000038', '61346cfafc13ae32c8000023', 'friend', '2021-09-11 14:28:17', '2021-09-11 14:28:17');
INSERT INTO chatting.contact (id, user_id, contact, type, created_at, modified_at) VALUES (91, '61346cfafc13ae32c8000023', '61346cfafc13ae32c8000039', 'friend', '2021-09-11 14:28:17', '2021-09-11 14:28:17');
INSERT INTO chatting.contact (id, user_id, contact, type, created_at, modified_at) VALUES (92, '61346cfafc13ae32c8000039', '61346cfafc13ae32c8000023', 'friend', '2021-09-11 14:28:17', '2021-09-11 14:28:17');
INSERT INTO chatting.contact (id, user_id, contact, type, created_at, modified_at) VALUES (93, '61346cfafc13ae32c8000023', '61346cfafc13ae32c800003a', 'friend', '2021-09-11 14:28:17', '2021-09-11 14:28:17');
INSERT INTO chatting.contact (id, user_id, contact, type, created_at, modified_at) VALUES (94, '61346cfafc13ae32c800003a', '61346cfafc13ae32c8000023', 'friend', '2021-09-11 14:28:17', '2021-09-11 14:28:17');
INSERT INTO chatting.contact (id, user_id, contact, type, created_at, modified_at) VALUES (95, '61346cfafc13ae32c8000023', '61346cfafc13ae32c800003b', 'friend', '2021-09-11 14:28:17', '2021-09-11 14:28:17');
INSERT INTO chatting.contact (id, user_id, contact, type, created_at, modified_at) VALUES (96, '61346cfafc13ae32c800003b', '61346cfafc13ae32c8000023', 'friend', '2021-09-11 14:28:17', '2021-09-11 14:28:17');

INSERT INTO chatting.groupChat (id, group_name, last_message, created_at, modified_at) VALUES ('34359983ty54stat4300046', 'Yamia', 'Suspendisse potenti Nullam porttitor lacus at turpis', '2021-09-11 10:30:58', '2021-09-11 10:30:58');
INSERT INTO chatting.groupChat (id, group_name, last_message, created_at, modified_at) VALUES ('34359983ty54stat4300047', 'Voonte', 'Vivamus tortor Duis mattis egestas metus', '2021-09-11 10:30:58', '2021-09-11 10:30:58');
INSERT INTO chatting.groupChat (id, group_name, last_message, created_at, modified_at) VALUES ('34359983ty54stat4300048', 'Kimia', 'Proin risus', '2021-09-11 10:30:58', '2021-09-11 10:30:58');
INSERT INTO chatting.groupChat (id, group_name, last_message, created_at, modified_at) VALUES ('34359983ty54stat4300049', 'Twiyo', 'Sed vel enim sit amet nunc viverra dapibus', '2021-09-11 10:30:58', '2021-09-11 10:30:58');
INSERT INTO chatting.groupChat (id, group_name, last_message, created_at, modified_at) VALUES ('34359983ty54stat430004a', 'Buzzster', 'Quisque ut erat Curabitur gravida nisi at nibh', '2021-09-11 10:30:58', '2021-09-11 10:30:58');
INSERT INTO chatting.groupChat (id, group_name, last_message, created_at, modified_at) VALUES ('34359983ty54stat430004b', 'Kwinu', 'Proin at turpis a pede posuere nonummy Integer non velit', '2021-09-11 10:30:58', '2021-09-11 10:30:58');
INSERT INTO chatting.groupChat (id, group_name, last_message, created_at, modified_at) VALUES ('34359983ty54stat430004c', 'Voonyx', 'Proin eu mi', '2021-09-11 10:30:58', '2021-09-11 10:30:58');
INSERT INTO chatting.groupChat (id, group_name, last_message, created_at, modified_at) VALUES ('34359983ty54stat430004d', 'Edgeify', 'Integer ac leo', '2021-09-11 10:30:58', '2021-09-11 10:30:58');
INSERT INTO chatting.groupChat (id, group_name, last_message, created_at, modified_at) VALUES ('34359983ty54stat430004e', 'Ntag', 'Ut tellus', '2021-09-11 10:30:58', '2021-09-11 10:30:58');
INSERT INTO chatting.groupChat (id, group_name, last_message, created_at, modified_at) VALUES ('34359983ty54stat430004f', 'Rhynyx', 'Suspendisse potenti', '2021-09-11 10:30:58', '2021-09-11 10:30:58');
INSERT INTO chatting.groupChat (id, group_name, last_message, created_at, modified_at) VALUES ('34359983ty54stat4300050', 'Innojam', 'Pellentesque ultrices mattis odio', '2021-09-11 10:30:58', '2021-09-11 10:30:58');
INSERT INTO chatting.groupChat (id, group_name, last_message, created_at, modified_at) VALUES ('34359983ty54stat4300051', 'Twimbo', 'Pellentesque at nulla', '2021-09-11 10:30:58', '2021-09-11 10:30:58');
INSERT INTO chatting.groupChat (id, group_name, last_message, created_at, modified_at) VALUES ('34359983ty54stat4300052', 'Skynoodle', 'Phasellus sit amet erat', '2021-09-11 10:30:58', '2021-09-11 10:30:58');
INSERT INTO chatting.groupChat (id, group_name, last_message, created_at, modified_at) VALUES ('34359983ty54stat4300053', 'Topiclounge', 'Vestibulum ante ipsum primis in faucibus orci luctus et ultrices posuere cubilia Curae; Nulla dapibus dolor vel est Donec odio justo, sollicitudin ut, suscipit a, feugiat et, eros', '2021-09-11 10:30:58', '2021-09-11 10:30:58');
INSERT INTO chatting.groupChat (id, group_name, last_message, created_at, modified_at) VALUES ('34359983ty54stat4300054', 'Zoombeat', 'Suspendisse accumsan tortor quis turpis Sed ante', '2021-09-11 10:30:58', '2021-09-11 10:30:58');
INSERT INTO chatting.groupChat (id, group_name, last_message, created_at, modified_at) VALUES ('34359983ty54stat4300055', 'Quatz', 'In hac habitasse platea dictumst', '2021-09-11 10:30:58', '2021-09-11 10:30:58');
INSERT INTO chatting.groupChat (id, group_name, last_message, created_at, modified_at) VALUES ('34359983ty54stat4300056', 'Wikizz', 'Nulla suscipit ligula in lacus Curabitur at ipsum ac tellus semper interdum', '2021-09-11 10:30:58', '2021-09-11 10:30:58');
INSERT INTO chatting.groupChat (id, group_name, last_message, created_at, modified_at) VALUES ('34359983ty54stat4300057', 'Voonyx', 'In tempor, turpis nec euismod scelerisque, quam turpis adipiscing lorem, vitae mattis nibh ligula nec sem Duis aliquam convallis nunc', '2021-09-11 10:30:58', '2021-09-11 10:30:58');
INSERT INTO chatting.groupChat (id, group_name, last_message, created_at, modified_at) VALUES ('34359983ty54stat4300058', 'Jabbercube', 'Duis bibendum, felis sed interdum venenatis, turpis enim blandit mi, in porttitor pede justo eu massa Donec dapibus', '2021-09-11 10:30:58', '2021-09-11 10:30:58');
INSERT INTO chatting.groupChat (id, group_name, last_message, created_at, modified_at) VALUES ('34359983ty54stat4300059', 'Kayveo', 'In est risus, auctor sed, tristique in, tempus sit amet, sem Fusce consequat', '2021-09-11 10:30:58', '2021-09-11 10:30:58');
INSERT INTO chatting.groupChat (id, group_name, last_message, created_at, modified_at) VALUES ('34359983ty54stat430005a', 'Divape', 'Proin interdum mauris non ligula pellentesque ultrices', '2021-09-11 10:30:58', '2021-09-11 10:30:58');
INSERT INTO chatting.groupChat (id, group_name, last_message, created_at, modified_at) VALUES ('34359983ty54stat430005b', 'Roombo', 'Morbi odio odio, elementum eu, interdum eu, tincidunt in, leo Maecenas pulvinar lobortis est', '2021-09-11 10:30:58', '2021-09-11 10:30:58');
INSERT INTO chatting.groupChat (id, group_name, last_message, created_at, modified_at) VALUES ('34359983ty54stat430005c', 'Dabjam', 'Integer a nibh', '2021-09-11 10:30:58', '2021-09-11 10:30:58');
INSERT INTO chatting.groupChat (id, group_name, last_message, created_at, modified_at) VALUES ('34359983ty54stat430005d', 'Youtags', 'Praesent blandit Nam nulla', '2021-09-11 10:30:58', '2021-09-11 10:30:58');
INSERT INTO chatting.groupChat (id, group_name, last_message, created_at, modified_at) VALUES ('34359983ty54stat430005e', 'Fanoodle', 'Integer pede justo, lacinia eget, tincidunt eget, tempus vel, pede', '2021-09-11 10:30:58', '2021-09-11 10:30:58');
INSERT INTO chatting.groupChat (id, group_name, last_message, created_at, modified_at) VALUES ('34359983ty54stat430005f', 'Chatterpoint', 'Maecenas tristique, est et tempus semper, est quam pharetra magna, ac consequat metus sapien ut nunc Vestibulum ante ipsum primis in faucibus orci luctus et ultrices posuere cubilia Curae; Mauris viverra diam vitae quam', '2021-09-11 10:30:58', '2021-09-11 10:30:58');
INSERT INTO chatting.groupChat (id, group_name, last_message, created_at, modified_at) VALUES ('34359983ty54stat4300060', 'Thoughtworks', 'Morbi odio odio, elementum eu, interdum eu, tincidunt in, leo Maecenas pulvinar lobortis est', '2021-09-11 10:30:58', '2021-09-11 10:30:58');
INSERT INTO chatting.groupChat (id, group_name, last_message, created_at, modified_at) VALUES ('34359983ty54stat4300061', 'Riffpath', 'Suspendisse ornare consequat lectus In est risus, auctor sed, tristique in, tempus sit amet, sem', '2021-09-11 10:30:58', '2021-09-11 10:30:58');
INSERT INTO chatting.groupChat (id, group_name, last_message, created_at, modified_at) VALUES ('34359983ty54stat4300062', 'Skinix', 'Integer pede justo, lacinia eget, tincidunt eget, tempus vel, pede Morbi porttitor lorem id ligula', '2021-09-11 10:30:58', '2021-09-11 10:30:58');
INSERT INTO chatting.groupChat (id, group_name, last_message, created_at, modified_at) VALUES ('34359983ty54stat4300063', 'Meezzy', 'Morbi non quam nec dui luctus rutrum', '2021-09-11 10:30:58', '2021-09-11 10:30:58');
INSERT INTO chatting.groupChat (id, group_name, last_message, created_at, modified_at) VALUES ('34359983ty54stat4300064', 'Babblestorm', 'In hac habitasse platea dictumst', '2021-09-11 10:30:58', '2021-09-11 10:30:58');
INSERT INTO chatting.groupChat (id, group_name, last_message, created_at, modified_at) VALUES ('34359983ty54stat4300065', 'Eadel', 'Ut at dolor quis odio consequat varius', '2021-09-11 10:30:58', '2021-09-11 10:30:58');
INSERT INTO chatting.groupChat (id, group_name, last_message, created_at, modified_at) VALUES ('34359983ty54stat4300066', 'Quatz', 'Integer ac leo Pellentesque ultrices mattis odio', '2021-09-11 10:30:58', '2021-09-11 10:30:58');
INSERT INTO chatting.groupChat (id, group_name, last_message, created_at, modified_at) VALUES ('34359983ty54stat4300067', 'Aimbu', 'Donec vitae nisi Nam ultrices, libero non mattis pulvinar, nulla pede ullamcorper augue, a suscipit nulla elit ac nulla', '2021-09-11 10:30:58', '2021-09-11 10:30:58');
INSERT INTO chatting.groupChat (id, group_name, last_message, created_at, modified_at) VALUES ('34359983ty54stat4300068', 'Youspan', 'Morbi non lectus', '2021-09-11 10:30:58', '2021-09-11 10:30:58');
INSERT INTO chatting.groupChat (id, group_name, last_message, created_at, modified_at) VALUES ('34359983ty54stat4300069', 'LiveZ', 'Praesent blandit lacinia erat', '2021-09-11 10:30:58', '2021-09-11 10:30:58');
INSERT INTO chatting.groupChat (id, group_name, last_message, created_at, modified_at) VALUES ('34359983ty54stat430006a', 'Flashdog', 'Duis bibendum, felis sed interdum venenatis, turpis enim blandit mi, in porttitor pede justo eu massa', '2021-09-11 10:30:58', '2021-09-11 10:30:58');
INSERT INTO chatting.groupChat (id, group_name, last_message, created_at, modified_at) VALUES ('34359983ty54stat430006b', 'Mybuzz', 'Cras pellentesque volutpat dui', '2021-09-11 10:30:58', '2021-09-11 10:30:58');
INSERT INTO chatting.groupChat (id, group_name, last_message, created_at, modified_at) VALUES ('34359983ty54stat430006c', 'Rhyloo', 'Fusce congue, diam id ornare imperdiet, sapien urna pretium nisl, ut volutpat sapien arcu sed augue Aliquam erat volutpat', '2021-09-11 10:30:58', '2021-09-11 10:30:58');
INSERT INTO chatting.groupChat (id, group_name, last_message, created_at, modified_at) VALUES ('34359983ty54stat430006d', 'Mydo', 'Morbi sem mauris, laoreet ut, rhoncus aliquet, pulvinar sed, nisl Nunc rhoncus dui vel sem', '2021-09-11 10:30:58', '2021-09-11 10:30:58');
INSERT INTO chatting.groupChat (id, group_name, last_message, created_at, modified_at) VALUES ('34359983ty54stat430006e', 'Feedbug', 'Vestibulum rutrum rutrum neque', '2021-09-11 10:30:58', '2021-09-11 10:30:58');
INSERT INTO chatting.groupChat (id, group_name, last_message, created_at, modified_at) VALUES ('34359983ty54stat430006f', 'Kanoodle', 'Cras pellentesque volutpat dui', '2021-09-11 10:30:58', '2021-09-11 10:30:58');
INSERT INTO chatting.groupChat (id, group_name, last_message, created_at, modified_at) VALUES ('34359983ty54stat4300070', 'Wikido', 'Etiam faucibus cursus urna', '2021-09-11 10:30:58', '2021-09-11 10:30:58');
INSERT INTO chatting.groupChat (id, group_name, last_message, created_at, modified_at) VALUES ('34359983ty54stat4300071', 'Minyx', 'Nulla nisl', '2021-09-11 10:30:58', '2021-09-11 10:30:58');
INSERT INTO chatting.groupChat (id, group_name, last_message, created_at, modified_at) VALUES ('34359983ty54stat4300072', 'Twinte', 'Praesent lectus', '2021-09-11 10:30:58', '2021-09-11 10:30:58');
INSERT INTO chatting.groupChat (id, group_name, last_message, created_at, modified_at) VALUES ('34359983ty54stat4300073', 'Muxo', 'Curabitur in libero ut massa volutpat convallis Morbi odio odio, elementum eu, interdum eu, tincidunt in, leo', '2021-09-11 10:30:58', '2021-09-11 10:30:58');
INSERT INTO chatting.groupChat (id, group_name, last_message, created_at, modified_at) VALUES ('34359983ty54stat4300074', 'Zoomcast', 'Mauris lacinia sapien quis libero Nullam sit amet turpis elementum ligula vehicula consequat', '2021-09-11 10:30:58', '2021-09-11 10:30:58');
INSERT INTO chatting.groupChat (id, group_name, last_message, created_at, modified_at) VALUES ('34359983ty54stat4300075', 'Plambee', 'Quisque arcu libero, rutrum ac, lobortis vel, dapibus at, diam Nam tristique tortor eu pede', '2021-09-11 10:30:58', '2021-09-11 10:30:58');
INSERT INTO chatting.groupChat (id, group_name, last_message, created_at, modified_at) VALUES ('34359983ty54stat4300076', 'Oba', 'Curabitur at ipsum ac tellus semper interdum', '2021-09-11 10:30:58', '2021-09-11 10:30:58');
INSERT INTO chatting.groupChat (id, group_name, last_message, created_at, modified_at) VALUES ('34359983ty54stat4300077', 'Zoomzone', 'Nunc nisl', '2021-09-11 10:30:58', '2021-09-11 10:30:58');

INSERT INTO chatting.userGroup (id, user_id, group_id, is_active, created_at, modified_at) VALUES (1, '61346cfafc13ae32c800000a', '34359983ty54stat4300058', 1, '2021-09-11 15:14:13', '2021-09-11 15:14:13');
INSERT INTO chatting.userGroup (id, user_id, group_id, is_active, created_at, modified_at) VALUES (2, '61346cfafc13ae32c800000a', '34359983ty54stat4300071', 1, '2021-09-11 15:14:13', '2021-09-11 15:14:13');
INSERT INTO chatting.userGroup (id, user_id, group_id, is_active, created_at, modified_at) VALUES (3, '61346cfafc13ae32c800000a', '34359983ty54stat4300052', 1, '2021-09-11 15:14:13', '2021-09-11 15:14:13');
INSERT INTO chatting.userGroup (id, user_id, group_id, is_active, created_at, modified_at) VALUES (4, '61346cfafc13ae32c800000a', '34359983ty54stat4300054', 1, '2021-09-11 15:14:13', '2021-09-11 15:14:13');
INSERT INTO chatting.userGroup (id, user_id, group_id, is_active, created_at, modified_at) VALUES (5, '61346cfafc13ae32c800000a', '34359983ty54stat4300067', 1, '2021-09-11 15:14:13', '2021-09-11 15:14:13');
INSERT INTO chatting.userGroup (id, user_id, group_id, is_active, created_at, modified_at) VALUES (6, '61346cfafc13ae32c800000a', '34359983ty54stat4300064', 1, '2021-09-11 15:14:13', '2021-09-11 15:14:13');
INSERT INTO chatting.userGroup (id, user_id, group_id, is_active, created_at, modified_at) VALUES (7, '61346cfafc13ae32c800000a', '34359983ty54stat4300066', 1, '2021-09-11 15:14:13', '2021-09-11 15:14:13');
INSERT INTO chatting.userGroup (id, user_id, group_id, is_active, created_at, modified_at) VALUES (8, '61346cfafc13ae32c800000a', '34359983ty54stat4300046', 1, '2021-09-11 15:14:13', '2021-09-11 15:14:13');
INSERT INTO chatting.userGroup (id, user_id, group_id, is_active, created_at, modified_at) VALUES (9, '61346cfafc13ae32c800000a', '34359983ty54stat4300070', 1, '2021-09-11 15:14:13', '2021-09-11 15:14:13');
INSERT INTO chatting.userGroup (id, user_id, group_id, is_active, created_at, modified_at) VALUES (10, '61346cfafc13ae32c800000a', '34359983ty54stat430004e', 1, '2021-09-11 15:14:13', '2021-09-11 15:14:13');
INSERT INTO chatting.userGroup (id, user_id, group_id, is_active, created_at, modified_at) VALUES (11, '61346cfafc13ae32c800000a', '34359983ty54stat4300075', 1, '2021-09-11 15:14:13', '2021-09-11 15:14:13');
INSERT INTO chatting.userGroup (id, user_id, group_id, is_active, created_at, modified_at) VALUES (12, '61346cfafc13ae32c800000a', '34359983ty54stat4300069', 1, '2021-09-11 15:14:13', '2021-09-11 15:14:13');
INSERT INTO chatting.userGroup (id, user_id, group_id, is_active, created_at, modified_at) VALUES (13, '61346cfafc13ae32c800000a', '34359983ty54stat4300049', 1, '2021-09-11 15:14:13', '2021-09-11 15:14:13');
INSERT INTO chatting.userGroup (id, user_id, group_id, is_active, created_at, modified_at) VALUES (14, '61346cfafc13ae32c800000a', '34359983ty54stat430006a', 1, '2021-09-11 15:14:13', '2021-09-11 15:14:13');
INSERT INTO chatting.userGroup (id, user_id, group_id, is_active, created_at, modified_at) VALUES (15, '61346cfafc13ae32c800000a', '34359983ty54stat4300060', 1, '2021-09-11 15:14:13', '2021-09-11 15:14:13');
INSERT INTO chatting.userGroup (id, user_id, group_id, is_active, created_at, modified_at) VALUES (16, '61346cfafc13ae32c800000a', '34359983ty54stat4300076', 1, '2021-09-11 15:14:13', '2021-09-11 15:14:13');
INSERT INTO chatting.userGroup (id, user_id, group_id, is_active, created_at, modified_at) VALUES (17, '61346cfafc13ae32c800000a', '34359983ty54stat4300074', 1, '2021-09-11 15:14:13', '2021-09-11 15:14:13');
INSERT INTO chatting.userGroup (id, user_id, group_id, is_active, created_at, modified_at) VALUES (18, '61346cfafc13ae32c800000a', '34359983ty54stat430006c', 1, '2021-09-11 15:14:13', '2021-09-11 15:14:13');
INSERT INTO chatting.userGroup (id, user_id, group_id, is_active, created_at, modified_at) VALUES (19, '61346cfafc13ae32c800000b', '34359983ty54stat4300062', 1, '2021-09-11 15:14:13', '2021-09-11 15:14:13');
INSERT INTO chatting.userGroup (id, user_id, group_id, is_active, created_at, modified_at) VALUES (20, '61346cfafc13ae32c800000b', '34359983ty54stat430006f', 1, '2021-09-11 15:14:13', '2021-09-11 15:14:13');
INSERT INTO chatting.userGroup (id, user_id, group_id, is_active, created_at, modified_at) VALUES (21, '61346cfafc13ae32c800000b', '34359983ty54stat430006d', 1, '2021-09-11 15:14:13', '2021-09-11 15:14:13');
INSERT INTO chatting.userGroup (id, user_id, group_id, is_active, created_at, modified_at) VALUES (22, '61346cfafc13ae32c800000b', '34359983ty54stat4300060', 1, '2021-09-11 15:14:13', '2021-09-11 15:14:13');
INSERT INTO chatting.userGroup (id, user_id, group_id, is_active, created_at, modified_at) VALUES (23, '61346cfafc13ae32c800000b', '34359983ty54stat4300058', 1, '2021-09-11 15:14:13', '2021-09-11 15:14:13');
INSERT INTO chatting.userGroup (id, user_id, group_id, is_active, created_at, modified_at) VALUES (24, '61346cfafc13ae32c800000b', '34359983ty54stat430006b', 1, '2021-09-11 15:14:13', '2021-09-11 15:14:13');
INSERT INTO chatting.userGroup (id, user_id, group_id, is_active, created_at, modified_at) VALUES (25, '61346cfafc13ae32c800000b', '34359983ty54stat4300068', 1, '2021-09-11 15:14:13', '2021-09-11 15:14:13');
INSERT INTO chatting.userGroup (id, user_id, group_id, is_active, created_at, modified_at) VALUES (26, '61346cfafc13ae32c800000b', '34359983ty54stat4300056', 1, '2021-09-11 15:14:13', '2021-09-11 15:14:13');
INSERT INTO chatting.userGroup (id, user_id, group_id, is_active, created_at, modified_at) VALUES (27, '61346cfafc13ae32c800000b', '34359983ty54stat4300047', 1, '2021-09-11 15:14:13', '2021-09-11 15:14:13');
INSERT INTO chatting.userGroup (id, user_id, group_id, is_active, created_at, modified_at) VALUES (28, '61346cfafc13ae32c800000b', '34359983ty54stat430004f', 1, '2021-09-11 15:14:13', '2021-09-11 15:14:13');
INSERT INTO chatting.userGroup (id, user_id, group_id, is_active, created_at, modified_at) VALUES (29, '61346cfafc13ae32c800000b', '34359983ty54stat4300048', 1, '2021-09-11 15:14:13', '2021-09-11 15:14:13');
INSERT INTO chatting.userGroup (id, user_id, group_id, is_active, created_at, modified_at) VALUES (30, '61346cfafc13ae32c800000b', '34359983ty54stat4300052', 1, '2021-09-11 15:14:13', '2021-09-11 15:14:13');
INSERT INTO chatting.userGroup (id, user_id, group_id, is_active, created_at, modified_at) VALUES (31, '61346cfafc13ae32c800000b', '34359983ty54stat4300069', 1, '2021-09-11 15:14:13', '2021-09-11 15:14:13');
INSERT INTO chatting.userGroup (id, user_id, group_id, is_active, created_at, modified_at) VALUES (32, '61346cfafc13ae32c800000b', '34359983ty54stat4300049', 1, '2021-09-11 15:14:13', '2021-09-11 15:14:13');
INSERT INTO chatting.userGroup (id, user_id, group_id, is_active, created_at, modified_at) VALUES (33, '61346cfafc13ae32c800000b', '34359983ty54stat4300063', 1, '2021-09-11 15:14:13', '2021-09-11 15:14:13');
INSERT INTO chatting.userGroup (id, user_id, group_id, is_active, created_at, modified_at) VALUES (34, '61346cfafc13ae32c800000b', '34359983ty54stat430004c', 1, '2021-09-11 15:14:13', '2021-09-11 15:14:13');
INSERT INTO chatting.userGroup (id, user_id, group_id, is_active, created_at, modified_at) VALUES (35, '61346cfafc13ae32c800000b', '34359983ty54stat4300066', 1, '2021-09-11 15:14:13', '2021-09-11 15:14:13');
INSERT INTO chatting.userGroup (id, user_id, group_id, is_active, created_at, modified_at) VALUES (36, '61346cfafc13ae32c800000b', '34359983ty54stat4300055', 1, '2021-09-11 15:14:13', '2021-09-11 15:14:13');
INSERT INTO chatting.userGroup (id, user_id, group_id, is_active, created_at, modified_at) VALUES (37, '61346cfafc13ae32c800000b', '34359983ty54stat430006a', 1, '2021-09-11 15:14:13', '2021-09-11 15:14:13');
INSERT INTO chatting.userGroup (id, user_id, group_id, is_active, created_at, modified_at) VALUES (38, '61346cfafc13ae32c800000b', '34359983ty54stat430004b', 1, '2021-09-11 15:14:13', '2021-09-11 15:14:13');
INSERT INTO chatting.userGroup (id, user_id, group_id, is_active, created_at, modified_at) VALUES (39, '61346cfafc13ae32c800000c', '34359983ty54stat4300065', 1, '2021-09-11 15:14:13', '2021-09-11 15:14:13');
INSERT INTO chatting.userGroup (id, user_id, group_id, is_active, created_at, modified_at) VALUES (40, '61346cfafc13ae32c800000c', '34359983ty54stat4300066', 1, '2021-09-11 15:14:13', '2021-09-11 15:14:13');
INSERT INTO chatting.userGroup (id, user_id, group_id, is_active, created_at, modified_at) VALUES (41, '61346cfafc13ae32c800000c', '34359983ty54stat4300068', 1, '2021-09-11 15:14:13', '2021-09-11 15:14:13');
INSERT INTO chatting.userGroup (id, user_id, group_id, is_active, created_at, modified_at) VALUES (42, '61346cfafc13ae32c800000c', '34359983ty54stat4300047', 1, '2021-09-11 15:14:13', '2021-09-11 15:14:13');
INSERT INTO chatting.userGroup (id, user_id, group_id, is_active, created_at, modified_at) VALUES (43, '61346cfafc13ae32c800000c', '34359983ty54stat4300067', 1, '2021-09-11 15:14:13', '2021-09-11 15:14:13');
INSERT INTO chatting.userGroup (id, user_id, group_id, is_active, created_at, modified_at) VALUES (44, '61346cfafc13ae32c800000c', '34359983ty54stat4300069', 1, '2021-09-11 15:14:13', '2021-09-11 15:14:13');
INSERT INTO chatting.userGroup (id, user_id, group_id, is_active, created_at, modified_at) VALUES (45, '61346cfafc13ae32c800000c', '34359983ty54stat430005a', 1, '2021-09-11 15:14:13', '2021-09-11 15:14:13');
INSERT INTO chatting.userGroup (id, user_id, group_id, is_active, created_at, modified_at) VALUES (46, '61346cfafc13ae32c800000c', '34359983ty54stat4300046', 1, '2021-09-11 15:14:13', '2021-09-11 15:14:13');
INSERT INTO chatting.userGroup (id, user_id, group_id, is_active, created_at, modified_at) VALUES (47, '61346cfafc13ae32c800000c', '34359983ty54stat4300050', 1, '2021-09-11 15:14:13', '2021-09-11 15:14:13');
INSERT INTO chatting.userGroup (id, user_id, group_id, is_active, created_at, modified_at) VALUES (48, '61346cfafc13ae32c800000c', '34359983ty54stat430005d', 1, '2021-09-11 15:14:13', '2021-09-11 15:14:13');
INSERT INTO chatting.userGroup (id, user_id, group_id, is_active, created_at, modified_at) VALUES (49, '61346cfafc13ae32c800000c', '34359983ty54stat430005b', 1, '2021-09-11 15:14:13', '2021-09-11 15:14:13');
INSERT INTO chatting.userGroup (id, user_id, group_id, is_active, created_at, modified_at) VALUES (50, '61346cfafc13ae32c800000c', '34359983ty54stat430004c', 1, '2021-09-11 15:14:13', '2021-09-11 15:14:13');
INSERT INTO chatting.userGroup (id, user_id, group_id, is_active, created_at, modified_at) VALUES (51, '61346cfafc13ae32c800000c', '34359983ty54stat430005c', 1, '2021-09-11 15:14:13', '2021-09-11 15:14:13');
INSERT INTO chatting.userGroup (id, user_id, group_id, is_active, created_at, modified_at) VALUES (52, '61346cfafc13ae32c800000d', '34359983ty54stat4300048', 1, '2021-09-11 15:14:13', '2021-09-11 15:14:13');
INSERT INTO chatting.userGroup (id, user_id, group_id, is_active, created_at, modified_at) VALUES (53, '61346cfafc13ae32c800000d', '34359983ty54stat4300066', 1, '2021-09-11 15:14:13', '2021-09-11 15:14:13');
INSERT INTO chatting.userGroup (id, user_id, group_id, is_active, created_at, modified_at) VALUES (54, '61346cfafc13ae32c800000d', '34359983ty54stat4300077', 1, '2021-09-11 15:14:13', '2021-09-11 15:14:13');
INSERT INTO chatting.userGroup (id, user_id, group_id, is_active, created_at, modified_at) VALUES (55, '61346cfafc13ae32c800000d', '34359983ty54stat4300055', 1, '2021-09-11 15:14:13', '2021-09-11 15:14:13');
INSERT INTO chatting.userGroup (id, user_id, group_id, is_active, created_at, modified_at) VALUES (56, '61346cfafc13ae32c800000d', '34359983ty54stat4300054', 1, '2021-09-11 15:14:13', '2021-09-11 15:14:13');
INSERT INTO chatting.userGroup (id, user_id, group_id, is_active, created_at, modified_at) VALUES (57, '61346cfafc13ae32c800000d', '34359983ty54stat4300047', 1, '2021-09-11 15:14:13', '2021-09-11 15:14:13');
INSERT INTO chatting.userGroup (id, user_id, group_id, is_active, created_at, modified_at) VALUES (58, '61346cfafc13ae32c800000d', '34359983ty54stat4300051', 1, '2021-09-11 15:14:13', '2021-09-11 15:14:13');
INSERT INTO chatting.userGroup (id, user_id, group_id, is_active, created_at, modified_at) VALUES (59, '61346cfafc13ae32c800000d', '34359983ty54stat430004b', 1, '2021-09-11 15:14:13', '2021-09-11 15:14:13');
INSERT INTO chatting.userGroup (id, user_id, group_id, is_active, created_at, modified_at) VALUES (60, '61346cfafc13ae32c800000d', '34359983ty54stat4300073', 1, '2021-09-11 15:14:13', '2021-09-11 15:14:13');
INSERT INTO chatting.userGroup (id, user_id, group_id, is_active, created_at, modified_at) VALUES (61, '61346cfafc13ae32c800000d', '34359983ty54stat4300062', 1, '2021-09-11 15:14:13', '2021-09-11 15:14:13');
INSERT INTO chatting.userGroup (id, user_id, group_id, is_active, created_at, modified_at) VALUES (62, '61346cfafc13ae32c800000d', '34359983ty54stat4300068', 1, '2021-09-11 15:14:13', '2021-09-11 15:14:13');
INSERT INTO chatting.userGroup (id, user_id, group_id, is_active, created_at, modified_at) VALUES (63, '61346cfafc13ae32c800000d', '34359983ty54stat4300050', 1, '2021-09-11 15:14:13', '2021-09-11 15:14:13');
INSERT INTO chatting.userGroup (id, user_id, group_id, is_active, created_at, modified_at) VALUES (64, '61346cfafc13ae32c800000d', '34359983ty54stat430004d', 1, '2021-09-11 15:14:13', '2021-09-11 15:14:13');
INSERT INTO chatting.userGroup (id, user_id, group_id, is_active, created_at, modified_at) VALUES (65, '61346cfafc13ae32c800000d', '34359983ty54stat430005d', 1, '2021-09-11 15:14:13', '2021-09-11 15:14:13');
INSERT INTO chatting.userGroup (id, user_id, group_id, is_active, created_at, modified_at) VALUES (66, '61346cfafc13ae32c800000d', '34359983ty54stat4300070', 1, '2021-09-11 15:14:13', '2021-09-11 15:14:13');
INSERT INTO chatting.userGroup (id, user_id, group_id, is_active, created_at, modified_at) VALUES (67, '61346cfafc13ae32c800000d', '34359983ty54stat4300065', 1, '2021-09-11 15:14:13', '2021-09-11 15:14:13');
INSERT INTO chatting.userGroup (id, user_id, group_id, is_active, created_at, modified_at) VALUES (68, '61346cfafc13ae32c800000e', '34359983ty54stat4300065', 1, '2021-09-11 15:14:13', '2021-09-11 15:14:13');
INSERT INTO chatting.userGroup (id, user_id, group_id, is_active, created_at, modified_at) VALUES (69, '61346cfafc13ae32c800000e', '34359983ty54stat4300047', 1, '2021-09-11 15:14:13', '2021-09-11 15:14:13');
INSERT INTO chatting.userGroup (id, user_id, group_id, is_active, created_at, modified_at) VALUES (70, '61346cfafc13ae32c800000e', '34359983ty54stat4300072', 1, '2021-09-11 15:14:13', '2021-09-11 15:14:13');
INSERT INTO chatting.userGroup (id, user_id, group_id, is_active, created_at, modified_at) VALUES (71, '61346cfafc13ae32c800000e', '34359983ty54stat430006b', 1, '2021-09-11 15:14:13', '2021-09-11 15:14:13');
INSERT INTO chatting.userGroup (id, user_id, group_id, is_active, created_at, modified_at) VALUES (72, '61346cfafc13ae32c800000e', '34359983ty54stat4300046', 1, '2021-09-11 15:14:13', '2021-09-11 15:14:13');
INSERT INTO chatting.userGroup (id, user_id, group_id, is_active, created_at, modified_at) VALUES (73, '61346cfafc13ae32c800000e', '34359983ty54stat4300057', 1, '2021-09-11 15:14:13', '2021-09-11 15:14:13');
INSERT INTO chatting.userGroup (id, user_id, group_id, is_active, created_at, modified_at) VALUES (74, '61346cfafc13ae32c800000e', '34359983ty54stat430004c', 1, '2021-09-11 15:14:13', '2021-09-11 15:14:13');
INSERT INTO chatting.userGroup (id, user_id, group_id, is_active, created_at, modified_at) VALUES (75, '61346cfafc13ae32c800000e', '34359983ty54stat4300055', 1, '2021-09-11 15:14:13', '2021-09-11 15:14:13');
INSERT INTO chatting.userGroup (id, user_id, group_id, is_active, created_at, modified_at) VALUES (76, '61346cfafc13ae32c800000e', '34359983ty54stat4300063', 1, '2021-09-11 15:14:13', '2021-09-11 15:14:13');
INSERT INTO chatting.userGroup (id, user_id, group_id, is_active, created_at, modified_at) VALUES (77, '61346cfafc13ae32c800000e', '34359983ty54stat4300052', 1, '2021-09-11 15:14:13', '2021-09-11 15:14:13');
INSERT INTO chatting.userGroup (id, user_id, group_id, is_active, created_at, modified_at) VALUES (78, '61346cfafc13ae32c800000e', '34359983ty54stat430006a', 1, '2021-09-11 15:14:13', '2021-09-11 15:14:13');
INSERT INTO chatting.userGroup (id, user_id, group_id, is_active, created_at, modified_at) VALUES (79, '61346cfafc13ae32c800000e', '34359983ty54stat430004a', 1, '2021-09-11 15:14:13', '2021-09-11 15:14:13');
INSERT INTO chatting.userGroup (id, user_id, group_id, is_active, created_at, modified_at) VALUES (80, '61346cfafc13ae32c800000e', '34359983ty54stat4300069', 1, '2021-09-11 15:14:13', '2021-09-11 15:14:13');
INSERT INTO chatting.userGroup (id, user_id, group_id, is_active, created_at, modified_at) VALUES (81, '61346cfafc13ae32c800000e', '34359983ty54stat430005c', 1, '2021-09-11 15:14:13', '2021-09-11 15:14:13');
INSERT INTO chatting.userGroup (id, user_id, group_id, is_active, created_at, modified_at) VALUES (82, '61346cfafc13ae32c800000e', '34359983ty54stat4300048', 1, '2021-09-11 15:14:13', '2021-09-11 15:14:13');
INSERT INTO chatting.userGroup (id, user_id, group_id, is_active, created_at, modified_at) VALUES (83, '61346cfafc13ae32c800000e', '34359983ty54stat4300064', 1, '2021-09-11 15:14:13', '2021-09-11 15:14:13');
INSERT INTO chatting.userGroup (id, user_id, group_id, is_active, created_at, modified_at) VALUES (84, '61346cfafc13ae32c800000e', '34359983ty54stat4300053', 1, '2021-09-11 15:14:13', '2021-09-11 15:14:13');
INSERT INTO chatting.userGroup (id, user_id, group_id, is_active, created_at, modified_at) VALUES (85, '61346cfafc13ae32c800000f', '34359983ty54stat4300071', 1, '2021-09-11 15:14:13', '2021-09-11 15:14:13');
INSERT INTO chatting.userGroup (id, user_id, group_id, is_active, created_at, modified_at) VALUES (86, '61346cfafc13ae32c800000f', '34359983ty54stat4300051', 1, '2021-09-11 15:14:13', '2021-09-11 15:14:13');
INSERT INTO chatting.userGroup (id, user_id, group_id, is_active, created_at, modified_at) VALUES (87, '61346cfafc13ae32c800000f', '34359983ty54stat4300049', 1, '2021-09-11 15:14:13', '2021-09-11 15:14:13');
INSERT INTO chatting.userGroup (id, user_id, group_id, is_active, created_at, modified_at) VALUES (88, '61346cfafc13ae32c800000f', '34359983ty54stat4300068', 1, '2021-09-11 15:14:13', '2021-09-11 15:14:13');
INSERT INTO chatting.userGroup (id, user_id, group_id, is_active, created_at, modified_at) VALUES (89, '61346cfafc13ae32c800000f', '34359983ty54stat430006f', 1, '2021-09-11 15:14:13', '2021-09-11 15:14:13');
INSERT INTO chatting.userGroup (id, user_id, group_id, is_active, created_at, modified_at) VALUES (90, '61346cfafc13ae32c800000f', '34359983ty54stat4300064', 1, '2021-09-11 15:14:13', '2021-09-11 15:14:13');
INSERT INTO chatting.userGroup (id, user_id, group_id, is_active, created_at, modified_at) VALUES (91, '61346cfafc13ae32c800000f', '34359983ty54stat4300076', 1, '2021-09-11 15:14:13', '2021-09-11 15:14:13');
INSERT INTO chatting.userGroup (id, user_id, group_id, is_active, created_at, modified_at) VALUES (92, '61346cfafc13ae32c800000f', '34359983ty54stat4300075', 1, '2021-09-11 15:14:13', '2021-09-11 15:14:13');
INSERT INTO chatting.userGroup (id, user_id, group_id, is_active, created_at, modified_at) VALUES (93, '61346cfafc13ae32c800000f', '34359983ty54stat4300053', 1, '2021-09-11 15:14:13', '2021-09-11 15:14:13');
INSERT INTO chatting.userGroup (id, user_id, group_id, is_active, created_at, modified_at) VALUES (94, '61346cfafc13ae32c800000f', '34359983ty54stat4300059', 1, '2021-09-11 15:14:13', '2021-09-11 15:14:13');
INSERT INTO chatting.userGroup (id, user_id, group_id, is_active, created_at, modified_at) VALUES (95, '61346cfafc13ae32c800000f', '34359983ty54stat430004c', 1, '2021-09-11 15:14:13', '2021-09-11 15:14:13');
INSERT INTO chatting.userGroup (id, user_id, group_id, is_active, created_at, modified_at) VALUES (96, '61346cfafc13ae32c800000f', '34359983ty54stat4300050', 1, '2021-09-11 15:14:13', '2021-09-11 15:14:13');
INSERT INTO chatting.userGroup (id, user_id, group_id, is_active, created_at, modified_at) VALUES (97, '61346cfafc13ae32c8000010', '34359983ty54stat430004e', 1, '2021-09-11 15:14:13', '2021-09-11 15:14:13');
INSERT INTO chatting.userGroup (id, user_id, group_id, is_active, created_at, modified_at) VALUES (98, '61346cfafc13ae32c8000010', '34359983ty54stat4300065', 1, '2021-09-11 15:14:13', '2021-09-11 15:14:13');
INSERT INTO chatting.userGroup (id, user_id, group_id, is_active, created_at, modified_at) VALUES (99, '61346cfafc13ae32c8000010', '34359983ty54stat4300070', 1, '2021-09-11 15:14:13', '2021-09-11 15:14:13');
INSERT INTO chatting.userGroup (id, user_id, group_id, is_active, created_at, modified_at) VALUES (100, '61346cfafc13ae32c8000010', '34359983ty54stat4300063', 1, '2021-09-11 15:14:13', '2021-09-11 15:14:13');
INSERT INTO chatting.userGroup (id, user_id, group_id, is_active, created_at, modified_at) VALUES (101, '61346cfafc13ae32c8000010', '34359983ty54stat4300046', 1, '2021-09-11 15:14:13', '2021-09-11 15:14:13');
INSERT INTO chatting.userGroup (id, user_id, group_id, is_active, created_at, modified_at) VALUES (102, '61346cfafc13ae32c8000010', '34359983ty54stat4300057', 1, '2021-09-11 15:14:13', '2021-09-11 15:14:13');
INSERT INTO chatting.userGroup (id, user_id, group_id, is_active, created_at, modified_at) VALUES (103, '61346cfafc13ae32c8000010', '34359983ty54stat4300077', 1, '2021-09-11 15:14:13', '2021-09-11 15:14:13');
INSERT INTO chatting.userGroup (id, user_id, group_id, is_active, created_at, modified_at) VALUES (104, '61346cfafc13ae32c8000010', '34359983ty54stat4300054', 1, '2021-09-11 15:14:13', '2021-09-11 15:14:13');
INSERT INTO chatting.userGroup (id, user_id, group_id, is_active, created_at, modified_at) VALUES (105, '61346cfafc13ae32c8000010', '34359983ty54stat4300055', 1, '2021-09-11 15:14:13', '2021-09-11 15:14:13');
INSERT INTO chatting.userGroup (id, user_id, group_id, is_active, created_at, modified_at) VALUES (106, '61346cfafc13ae32c8000010', '34359983ty54stat4300069', 1, '2021-09-11 15:14:13', '2021-09-11 15:14:13');
INSERT INTO chatting.userGroup (id, user_id, group_id, is_active, created_at, modified_at) VALUES (107, '61346cfafc13ae32c8000010', '34359983ty54stat4300066', 1, '2021-09-11 15:14:13', '2021-09-11 15:14:13');
INSERT INTO chatting.userGroup (id, user_id, group_id, is_active, created_at, modified_at) VALUES (108, '61346cfafc13ae32c8000010', '34359983ty54stat4300049', 1, '2021-09-11 15:14:13', '2021-09-11 15:14:13');
INSERT INTO chatting.userGroup (id, user_id, group_id, is_active, created_at, modified_at) VALUES (109, '61346cfafc13ae32c8000010', '34359983ty54stat4300074', 1, '2021-09-11 15:14:13', '2021-09-11 15:14:13');
INSERT INTO chatting.userGroup (id, user_id, group_id, is_active, created_at, modified_at) VALUES (110, '61346cfafc13ae32c8000010', '34359983ty54stat430006e', 1, '2021-09-11 15:14:13', '2021-09-11 15:14:13');
INSERT INTO chatting.userGroup (id, user_id, group_id, is_active, created_at, modified_at) VALUES (111, '61346cfafc13ae32c8000010', '34359983ty54stat4300073', 1, '2021-09-11 15:14:13', '2021-09-11 15:14:13');
INSERT INTO chatting.userGroup (id, user_id, group_id, is_active, created_at, modified_at) VALUES (112, '61346cfafc13ae32c8000011', '34359983ty54stat430005b', 1, '2021-09-11 15:14:13', '2021-09-11 15:14:13');
INSERT INTO chatting.userGroup (id, user_id, group_id, is_active, created_at, modified_at) VALUES (113, '61346cfafc13ae32c8000011', '34359983ty54stat4300052', 1, '2021-09-11 15:14:13', '2021-09-11 15:14:13');
INSERT INTO chatting.userGroup (id, user_id, group_id, is_active, created_at, modified_at) VALUES (114, '61346cfafc13ae32c8000011', '34359983ty54stat430005a', 1, '2021-09-11 15:14:13', '2021-09-11 15:14:13');
INSERT INTO chatting.userGroup (id, user_id, group_id, is_active, created_at, modified_at) VALUES (115, '61346cfafc13ae32c8000011', '34359983ty54stat430006b', 1, '2021-09-11 15:14:13', '2021-09-11 15:14:13');
INSERT INTO chatting.userGroup (id, user_id, group_id, is_active, created_at, modified_at) VALUES (116, '61346cfafc13ae32c8000011', '34359983ty54stat4300050', 1, '2021-09-11 15:14:13', '2021-09-11 15:14:13');
INSERT INTO chatting.userGroup (id, user_id, group_id, is_active, created_at, modified_at) VALUES (117, '61346cfafc13ae32c8000011', '34359983ty54stat4300055', 1, '2021-09-11 15:14:13', '2021-09-11 15:14:13');
INSERT INTO chatting.userGroup (id, user_id, group_id, is_active, created_at, modified_at) VALUES (118, '61346cfafc13ae32c8000011', '34359983ty54stat4300063', 1, '2021-09-11 15:14:13', '2021-09-11 15:14:13');
INSERT INTO chatting.userGroup (id, user_id, group_id, is_active, created_at, modified_at) VALUES (119, '61346cfafc13ae32c8000011', '34359983ty54stat430004d', 1, '2021-09-11 15:14:13', '2021-09-11 15:14:13');
INSERT INTO chatting.userGroup (id, user_id, group_id, is_active, created_at, modified_at) VALUES (120, '61346cfafc13ae32c8000011', '34359983ty54stat4300068', 1, '2021-09-11 15:14:13', '2021-09-11 15:14:13');
INSERT INTO chatting.userGroup (id, user_id, group_id, is_active, created_at, modified_at) VALUES (121, '61346cfafc13ae32c8000011', '34359983ty54stat430005f', 1, '2021-09-11 15:14:13', '2021-09-11 15:14:13');
INSERT INTO chatting.userGroup (id, user_id, group_id, is_active, created_at, modified_at) VALUES (122, '61346cfafc13ae32c8000011', '34359983ty54stat4300058', 1, '2021-09-11 15:14:13', '2021-09-11 15:14:13');
INSERT INTO chatting.userGroup (id, user_id, group_id, is_active, created_at, modified_at) VALUES (123, '61346cfafc13ae32c8000011', '34359983ty54stat4300070', 1, '2021-09-11 15:14:13', '2021-09-11 15:14:13');
INSERT INTO chatting.userGroup (id, user_id, group_id, is_active, created_at, modified_at) VALUES (124, '61346cfafc13ae32c8000011', '34359983ty54stat4300067', 1, '2021-09-11 15:14:13', '2021-09-11 15:14:13');
INSERT INTO chatting.userGroup (id, user_id, group_id, is_active, created_at, modified_at) VALUES (125, '61346cfafc13ae32c8000011', '34359983ty54stat4300056', 1, '2021-09-11 15:14:13', '2021-09-11 15:14:13');
INSERT INTO chatting.userGroup (id, user_id, group_id, is_active, created_at, modified_at) VALUES (126, '61346cfafc13ae32c8000012', '34359983ty54stat4300056', 1, '2021-09-11 15:14:13', '2021-09-11 15:14:13');
INSERT INTO chatting.userGroup (id, user_id, group_id, is_active, created_at, modified_at) VALUES (127, '61346cfafc13ae32c8000012', '34359983ty54stat430005b', 1, '2021-09-11 15:14:13', '2021-09-11 15:14:13');
INSERT INTO chatting.userGroup (id, user_id, group_id, is_active, created_at, modified_at) VALUES (128, '61346cfafc13ae32c8000012', '34359983ty54stat430006e', 1, '2021-09-11 15:14:13', '2021-09-11 15:14:13');
INSERT INTO chatting.userGroup (id, user_id, group_id, is_active, created_at, modified_at) VALUES (129, '61346cfafc13ae32c8000012', '34359983ty54stat4300074', 1, '2021-09-11 15:14:13', '2021-09-11 15:14:13');
INSERT INTO chatting.userGroup (id, user_id, group_id, is_active, created_at, modified_at) VALUES (130, '61346cfafc13ae32c8000012', '34359983ty54stat4300055', 1, '2021-09-11 15:14:13', '2021-09-11 15:14:13');
INSERT INTO chatting.userGroup (id, user_id, group_id, is_active, created_at, modified_at) VALUES (131, '61346cfafc13ae32c8000012', '34359983ty54stat4300050', 1, '2021-09-11 15:14:13', '2021-09-11 15:14:13');
INSERT INTO chatting.userGroup (id, user_id, group_id, is_active, created_at, modified_at) VALUES (132, '61346cfafc13ae32c8000012', '34359983ty54stat430005f', 1, '2021-09-11 15:14:13', '2021-09-11 15:14:13');
INSERT INTO chatting.userGroup (id, user_id, group_id, is_active, created_at, modified_at) VALUES (133, '61346cfafc13ae32c8000012', '34359983ty54stat430006a', 1, '2021-09-11 15:14:13', '2021-09-11 15:14:13');
INSERT INTO chatting.userGroup (id, user_id, group_id, is_active, created_at, modified_at) VALUES (134, '61346cfafc13ae32c8000012', '34359983ty54stat430005e', 1, '2021-09-11 15:14:13', '2021-09-11 15:14:13');
INSERT INTO chatting.userGroup (id, user_id, group_id, is_active, created_at, modified_at) VALUES (135, '61346cfafc13ae32c8000012', '34359983ty54stat4300062', 1, '2021-09-11 15:14:13', '2021-09-11 15:14:13');
INSERT INTO chatting.userGroup (id, user_id, group_id, is_active, created_at, modified_at) VALUES (136, '61346cfafc13ae32c8000012', '34359983ty54stat430006d', 1, '2021-09-11 15:14:13', '2021-09-11 15:14:13');
INSERT INTO chatting.userGroup (id, user_id, group_id, is_active, created_at, modified_at) VALUES (137, '61346cfafc13ae32c8000012', '34359983ty54stat430006b', 1, '2021-09-11 15:14:13', '2021-09-11 15:14:13');
INSERT INTO chatting.userGroup (id, user_id, group_id, is_active, created_at, modified_at) VALUES (138, '61346cfafc13ae32c8000012', '34359983ty54stat430004d', 1, '2021-09-11 15:14:13', '2021-09-11 15:14:13');
INSERT INTO chatting.userGroup (id, user_id, group_id, is_active, created_at, modified_at) VALUES (139, '61346cfafc13ae32c8000012', '34359983ty54stat4300061', 1, '2021-09-11 15:14:13', '2021-09-11 15:14:13');
INSERT INTO chatting.userGroup (id, user_id, group_id, is_active, created_at, modified_at) VALUES (140, '61346cfafc13ae32c8000012', '34359983ty54stat4300047', 1, '2021-09-11 15:14:13', '2021-09-11 15:14:13');
INSERT INTO chatting.userGroup (id, user_id, group_id, is_active, created_at, modified_at) VALUES (141, '61346cfafc13ae32c8000013', '34359983ty54stat430004b', 1, '2021-09-11 15:14:13', '2021-09-11 15:14:13');
INSERT INTO chatting.userGroup (id, user_id, group_id, is_active, created_at, modified_at) VALUES (142, '61346cfafc13ae32c8000013', '34359983ty54stat4300071', 1, '2021-09-11 15:14:13', '2021-09-11 15:14:13');
INSERT INTO chatting.userGroup (id, user_id, group_id, is_active, created_at, modified_at) VALUES (143, '61346cfafc13ae32c8000013', '34359983ty54stat4300076', 1, '2021-09-11 15:14:13', '2021-09-11 15:14:13');
INSERT INTO chatting.userGroup (id, user_id, group_id, is_active, created_at, modified_at) VALUES (144, '61346cfafc13ae32c8000013', '34359983ty54stat4300074', 1, '2021-09-11 15:14:13', '2021-09-11 15:14:13');
INSERT INTO chatting.userGroup (id, user_id, group_id, is_active, created_at, modified_at) VALUES (145, '61346cfafc13ae32c8000013', '34359983ty54stat4300061', 1, '2021-09-11 15:14:13', '2021-09-11 15:14:13');
INSERT INTO chatting.userGroup (id, user_id, group_id, is_active, created_at, modified_at) VALUES (146, '61346cfafc13ae32c8000013', '34359983ty54stat430005e', 1, '2021-09-11 15:14:13', '2021-09-11 15:14:13');
INSERT INTO chatting.userGroup (id, user_id, group_id, is_active, created_at, modified_at) VALUES (147, '61346cfafc13ae32c8000013', '34359983ty54stat430006c', 1, '2021-09-11 15:14:13', '2021-09-11 15:14:13');
INSERT INTO chatting.userGroup (id, user_id, group_id, is_active, created_at, modified_at) VALUES (148, '61346cfafc13ae32c8000013', '34359983ty54stat4300060', 1, '2021-09-11 15:14:13', '2021-09-11 15:14:13');
INSERT INTO chatting.userGroup (id, user_id, group_id, is_active, created_at, modified_at) VALUES (149, '61346cfafc13ae32c8000013', '34359983ty54stat4300058', 1, '2021-09-11 15:14:13', '2021-09-11 15:14:13');
INSERT INTO chatting.userGroup (id, user_id, group_id, is_active, created_at, modified_at) VALUES (150, '61346cfafc13ae32c8000013', '34359983ty54stat4300066', 1, '2021-09-11 15:14:13', '2021-09-11 15:14:13');
INSERT INTO chatting.userGroup (id, user_id, group_id, is_active, created_at, modified_at) VALUES (151, '61346cfafc13ae32c8000013', '34359983ty54stat430005a', 1, '2021-09-11 15:14:13', '2021-09-11 15:14:13');
INSERT INTO chatting.userGroup (id, user_id, group_id, is_active, created_at, modified_at) VALUES (152, '61346cfafc13ae32c8000013', '34359983ty54stat4300046', 1, '2021-09-11 15:14:13', '2021-09-11 15:14:13');
INSERT INTO chatting.userGroup (id, user_id, group_id, is_active, created_at, modified_at) VALUES (153, '61346cfafc13ae32c8000013', '34359983ty54stat430006f', 1, '2021-09-11 15:14:13', '2021-09-11 15:14:13');
INSERT INTO chatting.userGroup (id, user_id, group_id, is_active, created_at, modified_at) VALUES (154, '61346cfafc13ae32c8000013', '34359983ty54stat430006b', 1, '2021-09-11 15:14:13', '2021-09-11 15:14:13');
INSERT INTO chatting.userGroup (id, user_id, group_id, is_active, created_at, modified_at) VALUES (155, '61346cfafc13ae32c8000013', '34359983ty54stat4300065', 1, '2021-09-11 15:14:13', '2021-09-11 15:14:13');
INSERT INTO chatting.userGroup (id, user_id, group_id, is_active, created_at, modified_at) VALUES (156, '61346cfafc13ae32c8000013', '34359983ty54stat4300057', 1, '2021-09-11 15:14:13', '2021-09-11 15:14:13');
INSERT INTO chatting.userGroup (id, user_id, group_id, is_active, created_at, modified_at) VALUES (157, '61346cfafc13ae32c8000013', '34359983ty54stat4300077', 1, '2021-09-11 15:14:13', '2021-09-11 15:14:13');
INSERT INTO chatting.userGroup (id, user_id, group_id, is_active, created_at, modified_at) VALUES (158, '61346cfafc13ae32c8000013', '34359983ty54stat4300050', 1, '2021-09-11 15:14:13', '2021-09-11 15:14:13');
INSERT INTO chatting.userGroup (id, user_id, group_id, is_active, created_at, modified_at) VALUES (159, '61346cfafc13ae32c8000013', '34359983ty54stat430004e', 1, '2021-09-11 15:14:13', '2021-09-11 15:14:13');
INSERT INTO chatting.userGroup (id, user_id, group_id, is_active, created_at, modified_at) VALUES (160, '61346cfafc13ae32c8000014', '34359983ty54stat4300056', 1, '2021-09-11 15:14:13', '2021-09-11 15:14:13');
INSERT INTO chatting.userGroup (id, user_id, group_id, is_active, created_at, modified_at) VALUES (161, '61346cfafc13ae32c8000014', '34359983ty54stat430005e', 1, '2021-09-11 15:14:13', '2021-09-11 15:14:13');
INSERT INTO chatting.userGroup (id, user_id, group_id, is_active, created_at, modified_at) VALUES (162, '61346cfafc13ae32c8000014', '34359983ty54stat4300076', 1, '2021-09-11 15:14:13', '2021-09-11 15:14:13');
INSERT INTO chatting.userGroup (id, user_id, group_id, is_active, created_at, modified_at) VALUES (163, '61346cfafc13ae32c8000014', '34359983ty54stat430004c', 1, '2021-09-11 15:14:13', '2021-09-11 15:14:13');
INSERT INTO chatting.userGroup (id, user_id, group_id, is_active, created_at, modified_at) VALUES (164, '61346cfafc13ae32c8000014', '34359983ty54stat4300064', 1, '2021-09-11 15:14:13', '2021-09-11 15:14:13');
INSERT INTO chatting.userGroup (id, user_id, group_id, is_active, created_at, modified_at) VALUES (165, '61346cfafc13ae32c8000014', '34359983ty54stat4300062', 1, '2021-09-11 15:14:13', '2021-09-11 15:14:13');
INSERT INTO chatting.userGroup (id, user_id, group_id, is_active, created_at, modified_at) VALUES (166, '61346cfafc13ae32c8000014', '34359983ty54stat4300059', 1, '2021-09-11 15:14:13', '2021-09-11 15:14:13');
INSERT INTO chatting.userGroup (id, user_id, group_id, is_active, created_at, modified_at) VALUES (167, '61346cfafc13ae32c8000014', '34359983ty54stat4300048', 1, '2021-09-11 15:14:13', '2021-09-11 15:14:13');
INSERT INTO chatting.userGroup (id, user_id, group_id, is_active, created_at, modified_at) VALUES (168, '61346cfafc13ae32c8000014', '34359983ty54stat430006e', 1, '2021-09-11 15:14:13', '2021-09-11 15:14:13');
INSERT INTO chatting.userGroup (id, user_id, group_id, is_active, created_at, modified_at) VALUES (169, '61346cfafc13ae32c8000014', '34359983ty54stat4300058', 1, '2021-09-11 15:14:13', '2021-09-11 15:14:13');
INSERT INTO chatting.userGroup (id, user_id, group_id, is_active, created_at, modified_at) VALUES (170, '61346cfafc13ae32c8000014', '34359983ty54stat4300070', 1, '2021-09-11 15:14:13', '2021-09-11 15:14:13');
INSERT INTO chatting.userGroup (id, user_id, group_id, is_active, created_at, modified_at) VALUES (171, '61346cfafc13ae32c8000014', '34359983ty54stat4300075', 1, '2021-09-11 15:14:13', '2021-09-11 15:14:13');
INSERT INTO chatting.userGroup (id, user_id, group_id, is_active, created_at, modified_at) VALUES (172, '61346cfafc13ae32c8000015', '34359983ty54stat4300076', 1, '2021-09-11 15:14:13', '2021-09-11 15:14:13');
INSERT INTO chatting.userGroup (id, user_id, group_id, is_active, created_at, modified_at) VALUES (173, '61346cfafc13ae32c8000015', '34359983ty54stat4300066', 1, '2021-09-11 15:14:13', '2021-09-11 15:14:13');
INSERT INTO chatting.userGroup (id, user_id, group_id, is_active, created_at, modified_at) VALUES (174, '61346cfafc13ae32c8000015', '34359983ty54stat430004c', 1, '2021-09-11 15:14:13', '2021-09-11 15:14:13');
INSERT INTO chatting.userGroup (id, user_id, group_id, is_active, created_at, modified_at) VALUES (175, '61346cfafc13ae32c8000015', '34359983ty54stat430004a', 1, '2021-09-11 15:14:13', '2021-09-11 15:14:13');
INSERT INTO chatting.userGroup (id, user_id, group_id, is_active, created_at, modified_at) VALUES (176, '61346cfafc13ae32c8000015', '34359983ty54stat4300048', 1, '2021-09-11 15:14:13', '2021-09-11 15:14:13');
INSERT INTO chatting.userGroup (id, user_id, group_id, is_active, created_at, modified_at) VALUES (177, '61346cfafc13ae32c8000015', '34359983ty54stat4300077', 1, '2021-09-11 15:14:13', '2021-09-11 15:14:13');
INSERT INTO chatting.userGroup (id, user_id, group_id, is_active, created_at, modified_at) VALUES (178, '61346cfafc13ae32c8000015', '34359983ty54stat4300062', 1, '2021-09-11 15:14:13', '2021-09-11 15:14:13');
INSERT INTO chatting.userGroup (id, user_id, group_id, is_active, created_at, modified_at) VALUES (179, '61346cfafc13ae32c8000015', '34359983ty54stat430006b', 1, '2021-09-11 15:14:13', '2021-09-11 15:14:13');
INSERT INTO chatting.userGroup (id, user_id, group_id, is_active, created_at, modified_at) VALUES (180, '61346cfafc13ae32c8000015', '34359983ty54stat4300074', 1, '2021-09-11 15:14:13', '2021-09-11 15:14:13');
INSERT INTO chatting.userGroup (id, user_id, group_id, is_active, created_at, modified_at) VALUES (181, '61346cfafc13ae32c8000015', '34359983ty54stat4300055', 1, '2021-09-11 15:14:13', '2021-09-11 15:14:13');
INSERT INTO chatting.userGroup (id, user_id, group_id, is_active, created_at, modified_at) VALUES (182, '61346cfafc13ae32c8000015', '34359983ty54stat4300064', 1, '2021-09-11 15:14:13', '2021-09-11 15:14:13');
INSERT INTO chatting.userGroup (id, user_id, group_id, is_active, created_at, modified_at) VALUES (183, '61346cfafc13ae32c8000015', '34359983ty54stat4300067', 1, '2021-09-11 15:14:13', '2021-09-11 15:14:13');
INSERT INTO chatting.userGroup (id, user_id, group_id, is_active, created_at, modified_at) VALUES (184, '61346cfafc13ae32c8000015', '34359983ty54stat4300046', 1, '2021-09-11 15:14:13', '2021-09-11 15:14:13');
INSERT INTO chatting.userGroup (id, user_id, group_id, is_active, created_at, modified_at) VALUES (185, '61346cfafc13ae32c8000015', '34359983ty54stat430004e', 1, '2021-09-11 15:14:13', '2021-09-11 15:14:13');
INSERT INTO chatting.userGroup (id, user_id, group_id, is_active, created_at, modified_at) VALUES (186, '61346cfafc13ae32c8000015', '34359983ty54stat430004d', 1, '2021-09-11 15:14:13', '2021-09-11 15:14:13');
INSERT INTO chatting.userGroup (id, user_id, group_id, is_active, created_at, modified_at) VALUES (187, '61346cfafc13ae32c8000015', '34359983ty54stat4300051', 1, '2021-09-11 15:14:13', '2021-09-11 15:14:13');
INSERT INTO chatting.userGroup (id, user_id, group_id, is_active, created_at, modified_at) VALUES (188, '61346cfafc13ae32c8000015', '34359983ty54stat430005e', 1, '2021-09-11 15:14:13', '2021-09-11 15:14:13');
INSERT INTO chatting.userGroup (id, user_id, group_id, is_active, created_at, modified_at) VALUES (189, '61346cfafc13ae32c8000015', '34359983ty54stat4300073', 1, '2021-09-11 15:14:13', '2021-09-11 15:14:13');
INSERT INTO chatting.userGroup (id, user_id, group_id, is_active, created_at, modified_at) VALUES (190, '61346cfafc13ae32c8000016', '34359983ty54stat430005d', 1, '2021-09-11 15:14:13', '2021-09-11 15:14:13');
INSERT INTO chatting.userGroup (id, user_id, group_id, is_active, created_at, modified_at) VALUES (191, '61346cfafc13ae32c8000016', '34359983ty54stat4300056', 1, '2021-09-11 15:14:13', '2021-09-11 15:14:13');
INSERT INTO chatting.userGroup (id, user_id, group_id, is_active, created_at, modified_at) VALUES (192, '61346cfafc13ae32c8000016', '34359983ty54stat430006d', 1, '2021-09-11 15:14:13', '2021-09-11 15:14:13');
INSERT INTO chatting.userGroup (id, user_id, group_id, is_active, created_at, modified_at) VALUES (193, '61346cfafc13ae32c8000016', '34359983ty54stat430006b', 1, '2021-09-11 15:14:13', '2021-09-11 15:14:13');
INSERT INTO chatting.userGroup (id, user_id, group_id, is_active, created_at, modified_at) VALUES (194, '61346cfafc13ae32c8000016', '34359983ty54stat4300067', 1, '2021-09-11 15:14:13', '2021-09-11 15:14:13');
INSERT INTO chatting.userGroup (id, user_id, group_id, is_active, created_at, modified_at) VALUES (195, '61346cfafc13ae32c8000016', '34359983ty54stat430005b', 1, '2021-09-11 15:14:13', '2021-09-11 15:14:13');
INSERT INTO chatting.userGroup (id, user_id, group_id, is_active, created_at, modified_at) VALUES (196, '61346cfafc13ae32c8000016', '34359983ty54stat4300054', 1, '2021-09-11 15:14:13', '2021-09-11 15:14:13');
INSERT INTO chatting.userGroup (id, user_id, group_id, is_active, created_at, modified_at) VALUES (197, '61346cfafc13ae32c8000016', '34359983ty54stat4300047', 1, '2021-09-11 15:14:13', '2021-09-11 15:14:13');
INSERT INTO chatting.userGroup (id, user_id, group_id, is_active, created_at, modified_at) VALUES (198, '61346cfafc13ae32c8000016', '34359983ty54stat430004d', 1, '2021-09-11 15:14:13', '2021-09-11 15:14:13');
INSERT INTO chatting.userGroup (id, user_id, group_id, is_active, created_at, modified_at) VALUES (199, '61346cfafc13ae32c8000016', '34359983ty54stat430006f', 1, '2021-09-11 15:14:13', '2021-09-11 15:14:13');
INSERT INTO chatting.userGroup (id, user_id, group_id, is_active, created_at, modified_at) VALUES (200, '61346cfafc13ae32c8000016', '34359983ty54stat430004a', 1, '2021-09-11 15:14:13', '2021-09-11 15:14:13');
INSERT INTO chatting.userGroup (id, user_id, group_id, is_active, created_at, modified_at) VALUES (201, '61346cfafc13ae32c8000016', '34359983ty54stat430004b', 1, '2021-09-11 15:14:13', '2021-09-11 15:14:13');
INSERT INTO chatting.userGroup (id, user_id, group_id, is_active, created_at, modified_at) VALUES (202, '61346cfafc13ae32c8000016', '34359983ty54stat4300070', 1, '2021-09-11 15:14:13', '2021-09-11 15:14:13');
INSERT INTO chatting.userGroup (id, user_id, group_id, is_active, created_at, modified_at) VALUES (203, '61346cfafc13ae32c8000016', '34359983ty54stat4300061', 1, '2021-09-11 15:14:13', '2021-09-11 15:14:13');
INSERT INTO chatting.userGroup (id, user_id, group_id, is_active, created_at, modified_at) VALUES (204, '61346cfafc13ae32c8000016', '34359983ty54stat4300064', 1, '2021-09-11 15:14:13', '2021-09-11 15:14:13');
INSERT INTO chatting.userGroup (id, user_id, group_id, is_active, created_at, modified_at) VALUES (205, '61346cfafc13ae32c8000016', '34359983ty54stat430004f', 1, '2021-09-11 15:14:13', '2021-09-11 15:14:13');
INSERT INTO chatting.userGroup (id, user_id, group_id, is_active, created_at, modified_at) VALUES (206, '61346cfafc13ae32c8000016', '34359983ty54stat4300059', 1, '2021-09-11 15:14:13', '2021-09-11 15:14:13');
INSERT INTO chatting.userGroup (id, user_id, group_id, is_active, created_at, modified_at) VALUES (207, '61346cfafc13ae32c8000016', '34359983ty54stat430005c', 1, '2021-09-11 15:14:13', '2021-09-11 15:14:13');
INSERT INTO chatting.userGroup (id, user_id, group_id, is_active, created_at, modified_at) VALUES (208, '61346cfafc13ae32c8000017', '34359983ty54stat430004b', 1, '2021-09-11 15:14:13', '2021-09-11 15:14:13');
INSERT INTO chatting.userGroup (id, user_id, group_id, is_active, created_at, modified_at) VALUES (209, '61346cfafc13ae32c8000017', '34359983ty54stat4300069', 1, '2021-09-11 15:14:13', '2021-09-11 15:14:13');
INSERT INTO chatting.userGroup (id, user_id, group_id, is_active, created_at, modified_at) VALUES (210, '61346cfafc13ae32c8000017', '34359983ty54stat430004e', 1, '2021-09-11 15:14:13', '2021-09-11 15:14:13');
INSERT INTO chatting.userGroup (id, user_id, group_id, is_active, created_at, modified_at) VALUES (211, '61346cfafc13ae32c8000017', '34359983ty54stat4300046', 1, '2021-09-11 15:14:13', '2021-09-11 15:14:13');
INSERT INTO chatting.userGroup (id, user_id, group_id, is_active, created_at, modified_at) VALUES (212, '61346cfafc13ae32c8000017', '34359983ty54stat4300066', 1, '2021-09-11 15:14:13', '2021-09-11 15:14:13');
INSERT INTO chatting.userGroup (id, user_id, group_id, is_active, created_at, modified_at) VALUES (213, '61346cfafc13ae32c8000017', '34359983ty54stat4300073', 1, '2021-09-11 15:14:13', '2021-09-11 15:14:13');
INSERT INTO chatting.userGroup (id, user_id, group_id, is_active, created_at, modified_at) VALUES (214, '61346cfafc13ae32c8000017', '34359983ty54stat430005a', 1, '2021-09-11 15:14:13', '2021-09-11 15:14:13');
INSERT INTO chatting.userGroup (id, user_id, group_id, is_active, created_at, modified_at) VALUES (215, '61346cfafc13ae32c8000017', '34359983ty54stat4300074', 1, '2021-09-11 15:14:13', '2021-09-11 15:14:13');
INSERT INTO chatting.userGroup (id, user_id, group_id, is_active, created_at, modified_at) VALUES (216, '61346cfafc13ae32c8000017', '34359983ty54stat4300052', 1, '2021-09-11 15:14:13', '2021-09-11 15:14:13');
INSERT INTO chatting.userGroup (id, user_id, group_id, is_active, created_at, modified_at) VALUES (217, '61346cfafc13ae32c8000017', '34359983ty54stat430006c', 1, '2021-09-11 15:14:13', '2021-09-11 15:14:13');
INSERT INTO chatting.userGroup (id, user_id, group_id, is_active, created_at, modified_at) VALUES (218, '61346cfafc13ae32c8000017', '34359983ty54stat4300072', 1, '2021-09-11 15:14:13', '2021-09-11 15:14:13');
INSERT INTO chatting.userGroup (id, user_id, group_id, is_active, created_at, modified_at) VALUES (219, '61346cfafc13ae32c8000017', '34359983ty54stat4300065', 1, '2021-09-11 15:14:13', '2021-09-11 15:14:13');
INSERT INTO chatting.userGroup (id, user_id, group_id, is_active, created_at, modified_at) VALUES (220, '61346cfafc13ae32c8000017', '34359983ty54stat4300063', 1, '2021-09-11 15:14:13', '2021-09-11 15:14:13');
INSERT INTO chatting.userGroup (id, user_id, group_id, is_active, created_at, modified_at) VALUES (221, '61346cfafc13ae32c8000017', '34359983ty54stat430004a', 1, '2021-09-11 15:14:13', '2021-09-11 15:14:13');
INSERT INTO chatting.userGroup (id, user_id, group_id, is_active, created_at, modified_at) VALUES (222, '61346cfafc13ae32c8000017', '34359983ty54stat430004d', 1, '2021-09-11 15:14:13', '2021-09-11 15:14:13');
INSERT INTO chatting.userGroup (id, user_id, group_id, is_active, created_at, modified_at) VALUES (223, '61346cfafc13ae32c8000018', '34359983ty54stat4300060', 1, '2021-09-11 15:14:13', '2021-09-11 15:14:13');
INSERT INTO chatting.userGroup (id, user_id, group_id, is_active, created_at, modified_at) VALUES (224, '61346cfafc13ae32c8000018', '34359983ty54stat4300047', 1, '2021-09-11 15:14:13', '2021-09-11 15:14:13');
INSERT INTO chatting.userGroup (id, user_id, group_id, is_active, created_at, modified_at) VALUES (225, '61346cfafc13ae32c8000018', '34359983ty54stat4300057', 1, '2021-09-11 15:14:13', '2021-09-11 15:14:13');
INSERT INTO chatting.userGroup (id, user_id, group_id, is_active, created_at, modified_at) VALUES (226, '61346cfafc13ae32c8000018', '34359983ty54stat430005e', 1, '2021-09-11 15:14:13', '2021-09-11 15:14:13');
INSERT INTO chatting.userGroup (id, user_id, group_id, is_active, created_at, modified_at) VALUES (227, '61346cfafc13ae32c8000018', '34359983ty54stat4300052', 1, '2021-09-11 15:14:13', '2021-09-11 15:14:13');
INSERT INTO chatting.userGroup (id, user_id, group_id, is_active, created_at, modified_at) VALUES (228, '61346cfafc13ae32c8000018', '34359983ty54stat430004d', 1, '2021-09-11 15:14:13', '2021-09-11 15:14:13');
INSERT INTO chatting.userGroup (id, user_id, group_id, is_active, created_at, modified_at) VALUES (229, '61346cfafc13ae32c8000018', '34359983ty54stat4300076', 1, '2021-09-11 15:14:13', '2021-09-11 15:14:13');
INSERT INTO chatting.userGroup (id, user_id, group_id, is_active, created_at, modified_at) VALUES (230, '61346cfafc13ae32c8000018', '34359983ty54stat4300073', 1, '2021-09-11 15:14:13', '2021-09-11 15:14:13');
INSERT INTO chatting.userGroup (id, user_id, group_id, is_active, created_at, modified_at) VALUES (231, '61346cfafc13ae32c8000018', '34359983ty54stat4300049', 1, '2021-09-11 15:14:13', '2021-09-11 15:14:13');
INSERT INTO chatting.userGroup (id, user_id, group_id, is_active, created_at, modified_at) VALUES (232, '61346cfafc13ae32c8000018', '34359983ty54stat430005f', 1, '2021-09-11 15:14:13', '2021-09-11 15:14:13');
INSERT INTO chatting.userGroup (id, user_id, group_id, is_active, created_at, modified_at) VALUES (233, '61346cfafc13ae32c8000018', '34359983ty54stat4300072', 1, '2021-09-11 15:14:13', '2021-09-11 15:14:13');
INSERT INTO chatting.userGroup (id, user_id, group_id, is_active, created_at, modified_at) VALUES (234, '61346cfafc13ae32c8000018', '34359983ty54stat4300064', 1, '2021-09-11 15:14:13', '2021-09-11 15:14:13');
INSERT INTO chatting.userGroup (id, user_id, group_id, is_active, created_at, modified_at) VALUES (235, '61346cfafc13ae32c8000018', '34359983ty54stat4300071', 1, '2021-09-11 15:14:13', '2021-09-11 15:14:13');
INSERT INTO chatting.userGroup (id, user_id, group_id, is_active, created_at, modified_at) VALUES (236, '61346cfafc13ae32c8000018', '34359983ty54stat4300051', 1, '2021-09-11 15:14:13', '2021-09-11 15:14:13');
INSERT INTO chatting.userGroup (id, user_id, group_id, is_active, created_at, modified_at) VALUES (237, '61346cfafc13ae32c8000019', '34359983ty54stat430004e', 1, '2021-09-11 15:14:13', '2021-09-11 15:14:13');
INSERT INTO chatting.userGroup (id, user_id, group_id, is_active, created_at, modified_at) VALUES (238, '61346cfafc13ae32c8000019', '34359983ty54stat4300061', 1, '2021-09-11 15:14:13', '2021-09-11 15:14:13');
INSERT INTO chatting.userGroup (id, user_id, group_id, is_active, created_at, modified_at) VALUES (239, '61346cfafc13ae32c8000019', '34359983ty54stat430005d', 1, '2021-09-11 15:14:13', '2021-09-11 15:14:13');
INSERT INTO chatting.userGroup (id, user_id, group_id, is_active, created_at, modified_at) VALUES (240, '61346cfafc13ae32c8000019', '34359983ty54stat4300070', 1, '2021-09-11 15:14:13', '2021-09-11 15:14:13');
INSERT INTO chatting.userGroup (id, user_id, group_id, is_active, created_at, modified_at) VALUES (241, '61346cfafc13ae32c8000019', '34359983ty54stat4300062', 1, '2021-09-11 15:14:13', '2021-09-11 15:14:13');
INSERT INTO chatting.userGroup (id, user_id, group_id, is_active, created_at, modified_at) VALUES (242, '61346cfafc13ae32c8000019', '34359983ty54stat4300053', 1, '2021-09-11 15:14:13', '2021-09-11 15:14:13');
INSERT INTO chatting.userGroup (id, user_id, group_id, is_active, created_at, modified_at) VALUES (243, '61346cfafc13ae32c8000019', '34359983ty54stat4300067', 1, '2021-09-11 15:14:13', '2021-09-11 15:14:13');
INSERT INTO chatting.userGroup (id, user_id, group_id, is_active, created_at, modified_at) VALUES (244, '61346cfafc13ae32c8000019', '34359983ty54stat430005b', 1, '2021-09-11 15:14:13', '2021-09-11 15:14:13');
INSERT INTO chatting.userGroup (id, user_id, group_id, is_active, created_at, modified_at) VALUES (245, '61346cfafc13ae32c8000019', '34359983ty54stat4300077', 1, '2021-09-11 15:14:13', '2021-09-11 15:14:13');
INSERT INTO chatting.userGroup (id, user_id, group_id, is_active, created_at, modified_at) VALUES (246, '61346cfafc13ae32c8000019', '34359983ty54stat430006b', 1, '2021-09-11 15:14:13', '2021-09-11 15:14:13');
INSERT INTO chatting.userGroup (id, user_id, group_id, is_active, created_at, modified_at) VALUES (247, '61346cfafc13ae32c8000019', '34359983ty54stat4300051', 1, '2021-09-11 15:14:13', '2021-09-11 15:14:13');
INSERT INTO chatting.userGroup (id, user_id, group_id, is_active, created_at, modified_at) VALUES (248, '61346cfafc13ae32c8000019', '34359983ty54stat4300050', 1, '2021-09-11 15:14:13', '2021-09-11 15:14:13');
INSERT INTO chatting.userGroup (id, user_id, group_id, is_active, created_at, modified_at) VALUES (249, '61346cfafc13ae32c8000019', '34359983ty54stat4300073', 1, '2021-09-11 15:14:13', '2021-09-11 15:14:13');
INSERT INTO chatting.userGroup (id, user_id, group_id, is_active, created_at, modified_at) VALUES (250, '61346cfafc13ae32c8000019', '34359983ty54stat4300054', 1, '2021-09-11 15:14:13', '2021-09-11 15:14:13');
INSERT INTO chatting.userGroup (id, user_id, group_id, is_active, created_at, modified_at) VALUES (251, '61346cfafc13ae32c8000019', '34359983ty54stat430006e', 1, '2021-09-11 15:14:13', '2021-09-11 15:14:13');
INSERT INTO chatting.userGroup (id, user_id, group_id, is_active, created_at, modified_at) VALUES (252, '61346cfafc13ae32c8000019', '34359983ty54stat430006d', 1, '2021-09-11 15:14:13', '2021-09-11 15:14:13');
INSERT INTO chatting.userGroup (id, user_id, group_id, is_active, created_at, modified_at) VALUES (253, '61346cfafc13ae32c8000019', '34359983ty54stat430005c', 1, '2021-09-11 15:14:13', '2021-09-11 15:14:13');
INSERT INTO chatting.userGroup (id, user_id, group_id, is_active, created_at, modified_at) VALUES (254, '61346cfafc13ae32c8000019', '34359983ty54stat4300052', 1, '2021-09-11 15:14:13', '2021-09-11 15:14:13');
INSERT INTO chatting.userGroup (id, user_id, group_id, is_active, created_at, modified_at) VALUES (255, '61346cfafc13ae32c8000019', '34359983ty54stat4300075', 1, '2021-09-11 15:14:13', '2021-09-11 15:14:13');
INSERT INTO chatting.userGroup (id, user_id, group_id, is_active, created_at, modified_at) VALUES (256, '61346cfafc13ae32c8000019', '34359983ty54stat430005a', 1, '2021-09-11 15:14:13', '2021-09-11 15:14:13');
INSERT INTO chatting.userGroup (id, user_id, group_id, is_active, created_at, modified_at) VALUES (257, '61346cfafc13ae32c800001a', '34359983ty54stat4300071', 1, '2021-09-11 15:14:13', '2021-09-11 15:14:13');
INSERT INTO chatting.userGroup (id, user_id, group_id, is_active, created_at, modified_at) VALUES (258, '61346cfafc13ae32c800001a', '34359983ty54stat430006a', 1, '2021-09-11 15:14:13', '2021-09-11 15:14:13');
INSERT INTO chatting.userGroup (id, user_id, group_id, is_active, created_at, modified_at) VALUES (259, '61346cfafc13ae32c800001a', '34359983ty54stat4300062', 1, '2021-09-11 15:14:13', '2021-09-11 15:14:13');
INSERT INTO chatting.userGroup (id, user_id, group_id, is_active, created_at, modified_at) VALUES (260, '61346cfafc13ae32c800001a', '34359983ty54stat430004c', 1, '2021-09-11 15:14:13', '2021-09-11 15:14:13');
INSERT INTO chatting.userGroup (id, user_id, group_id, is_active, created_at, modified_at) VALUES (261, '61346cfafc13ae32c800001a', '34359983ty54stat4300046', 1, '2021-09-11 15:14:13', '2021-09-11 15:14:13');
INSERT INTO chatting.userGroup (id, user_id, group_id, is_active, created_at, modified_at) VALUES (262, '61346cfafc13ae32c800001a', '34359983ty54stat430005a', 1, '2021-09-11 15:14:13', '2021-09-11 15:14:13');
INSERT INTO chatting.userGroup (id, user_id, group_id, is_active, created_at, modified_at) VALUES (263, '61346cfafc13ae32c800001a', '34359983ty54stat430005b', 1, '2021-09-11 15:14:13', '2021-09-11 15:14:13');
INSERT INTO chatting.userGroup (id, user_id, group_id, is_active, created_at, modified_at) VALUES (264, '61346cfafc13ae32c800001a', '34359983ty54stat4300067', 1, '2021-09-11 15:14:13', '2021-09-11 15:14:13');
INSERT INTO chatting.userGroup (id, user_id, group_id, is_active, created_at, modified_at) VALUES (265, '61346cfafc13ae32c800001a', '34359983ty54stat430004f', 1, '2021-09-11 15:14:13', '2021-09-11 15:14:13');
INSERT INTO chatting.userGroup (id, user_id, group_id, is_active, created_at, modified_at) VALUES (266, '61346cfafc13ae32c800001a', '34359983ty54stat4300070', 1, '2021-09-11 15:14:13', '2021-09-11 15:14:13');
INSERT INTO chatting.userGroup (id, user_id, group_id, is_active, created_at, modified_at) VALUES (267, '61346cfafc13ae32c800001a', '34359983ty54stat4300054', 1, '2021-09-11 15:14:13', '2021-09-11 15:14:13');
INSERT INTO chatting.userGroup (id, user_id, group_id, is_active, created_at, modified_at) VALUES (268, '61346cfafc13ae32c800001a', '34359983ty54stat4300050', 1, '2021-09-11 15:14:13', '2021-09-11 15:14:13');
INSERT INTO chatting.userGroup (id, user_id, group_id, is_active, created_at, modified_at) VALUES (269, '61346cfafc13ae32c800001a', '34359983ty54stat430006f', 1, '2021-09-11 15:14:13', '2021-09-11 15:14:13');
INSERT INTO chatting.userGroup (id, user_id, group_id, is_active, created_at, modified_at) VALUES (270, '61346cfafc13ae32c800001a', '34359983ty54stat4300073', 1, '2021-09-11 15:14:13', '2021-09-11 15:14:13');
INSERT INTO chatting.userGroup (id, user_id, group_id, is_active, created_at, modified_at) VALUES (271, '61346cfafc13ae32c800001a', '34359983ty54stat430006d', 1, '2021-09-11 15:14:13', '2021-09-11 15:14:13');
INSERT INTO chatting.userGroup (id, user_id, group_id, is_active, created_at, modified_at) VALUES (272, '61346cfafc13ae32c800001b', '34359983ty54stat4300076', 1, '2021-09-11 15:14:13', '2021-09-11 15:14:13');
INSERT INTO chatting.userGroup (id, user_id, group_id, is_active, created_at, modified_at) VALUES (273, '61346cfafc13ae32c800001b', '34359983ty54stat430006b', 1, '2021-09-11 15:14:13', '2021-09-11 15:14:13');
INSERT INTO chatting.userGroup (id, user_id, group_id, is_active, created_at, modified_at) VALUES (274, '61346cfafc13ae32c800001b', '34359983ty54stat430004c', 1, '2021-09-11 15:14:13', '2021-09-11 15:14:13');
INSERT INTO chatting.userGroup (id, user_id, group_id, is_active, created_at, modified_at) VALUES (275, '61346cfafc13ae32c800001b', '34359983ty54stat4300061', 1, '2021-09-11 15:14:13', '2021-09-11 15:14:13');
INSERT INTO chatting.userGroup (id, user_id, group_id, is_active, created_at, modified_at) VALUES (276, '61346cfafc13ae32c800001b', '34359983ty54stat430006d', 1, '2021-09-11 15:14:13', '2021-09-11 15:14:13');
INSERT INTO chatting.userGroup (id, user_id, group_id, is_active, created_at, modified_at) VALUES (277, '61346cfafc13ae32c800001b', '34359983ty54stat4300070', 1, '2021-09-11 15:14:13', '2021-09-11 15:14:13');
INSERT INTO chatting.userGroup (id, user_id, group_id, is_active, created_at, modified_at) VALUES (278, '61346cfafc13ae32c800001b', '34359983ty54stat430004d', 1, '2021-09-11 15:14:13', '2021-09-11 15:14:13');
INSERT INTO chatting.userGroup (id, user_id, group_id, is_active, created_at, modified_at) VALUES (279, '61346cfafc13ae32c800001b', '34359983ty54stat430004a', 1, '2021-09-11 15:14:13', '2021-09-11 15:14:13');
INSERT INTO chatting.userGroup (id, user_id, group_id, is_active, created_at, modified_at) VALUES (280, '61346cfafc13ae32c800001b', '34359983ty54stat4300074', 1, '2021-09-11 15:14:13', '2021-09-11 15:14:13');
INSERT INTO chatting.userGroup (id, user_id, group_id, is_active, created_at, modified_at) VALUES (281, '61346cfafc13ae32c800001b', '34359983ty54stat4300056', 1, '2021-09-11 15:14:13', '2021-09-11 15:14:13');
INSERT INTO chatting.userGroup (id, user_id, group_id, is_active, created_at, modified_at) VALUES (282, '61346cfafc13ae32c800001b', '34359983ty54stat4300048', 1, '2021-09-11 15:14:13', '2021-09-11 15:14:13');
INSERT INTO chatting.userGroup (id, user_id, group_id, is_active, created_at, modified_at) VALUES (283, '61346cfafc13ae32c800001b', '34359983ty54stat4300072', 1, '2021-09-11 15:14:13', '2021-09-11 15:14:13');
INSERT INTO chatting.userGroup (id, user_id, group_id, is_active, created_at, modified_at) VALUES (284, '61346cfafc13ae32c800001b', '34359983ty54stat4300049', 1, '2021-09-11 15:14:13', '2021-09-11 15:14:13');
INSERT INTO chatting.userGroup (id, user_id, group_id, is_active, created_at, modified_at) VALUES (285, '61346cfafc13ae32c800001b', '34359983ty54stat4300077', 1, '2021-09-11 15:14:13', '2021-09-11 15:14:13');
INSERT INTO chatting.userGroup (id, user_id, group_id, is_active, created_at, modified_at) VALUES (286, '61346cfafc13ae32c800001b', '34359983ty54stat4300055', 1, '2021-09-11 15:14:13', '2021-09-11 15:14:13');
INSERT INTO chatting.userGroup (id, user_id, group_id, is_active, created_at, modified_at) VALUES (287, '61346cfafc13ae32c800001b', '34359983ty54stat4300053', 1, '2021-09-11 15:14:13', '2021-09-11 15:14:13');
INSERT INTO chatting.userGroup (id, user_id, group_id, is_active, created_at, modified_at) VALUES (288, '61346cfafc13ae32c800001b', '34359983ty54stat4300069', 1, '2021-09-11 15:14:13', '2021-09-11 15:14:13');
INSERT INTO chatting.userGroup (id, user_id, group_id, is_active, created_at, modified_at) VALUES (289, '61346cfafc13ae32c800001b', '34359983ty54stat430006a', 1, '2021-09-11 15:14:13', '2021-09-11 15:14:13');
INSERT INTO chatting.userGroup (id, user_id, group_id, is_active, created_at, modified_at) VALUES (290, '61346cfafc13ae32c800001b', '34359983ty54stat4300052', 1, '2021-09-11 15:14:13', '2021-09-11 15:14:13');
INSERT INTO chatting.userGroup (id, user_id, group_id, is_active, created_at, modified_at) VALUES (291, '61346cfafc13ae32c800001c', '34359983ty54stat4300053', 1, '2021-09-11 15:14:13', '2021-09-11 15:14:13');
INSERT INTO chatting.userGroup (id, user_id, group_id, is_active, created_at, modified_at) VALUES (292, '61346cfafc13ae32c800001c', '34359983ty54stat4300059', 1, '2021-09-11 15:14:13', '2021-09-11 15:14:13');
INSERT INTO chatting.userGroup (id, user_id, group_id, is_active, created_at, modified_at) VALUES (293, '61346cfafc13ae32c800001c', '34359983ty54stat4300049', 1, '2021-09-11 15:14:13', '2021-09-11 15:14:13');
INSERT INTO chatting.userGroup (id, user_id, group_id, is_active, created_at, modified_at) VALUES (294, '61346cfafc13ae32c800001c', '34359983ty54stat4300076', 1, '2021-09-11 15:14:13', '2021-09-11 15:14:13');
INSERT INTO chatting.userGroup (id, user_id, group_id, is_active, created_at, modified_at) VALUES (295, '61346cfafc13ae32c800001c', '34359983ty54stat4300054', 1, '2021-09-11 15:14:13', '2021-09-11 15:14:13');
INSERT INTO chatting.userGroup (id, user_id, group_id, is_active, created_at, modified_at) VALUES (296, '61346cfafc13ae32c800001c', '34359983ty54stat4300065', 1, '2021-09-11 15:14:13', '2021-09-11 15:14:13');
INSERT INTO chatting.userGroup (id, user_id, group_id, is_active, created_at, modified_at) VALUES (297, '61346cfafc13ae32c800001c', '34359983ty54stat4300072', 1, '2021-09-11 15:14:13', '2021-09-11 15:14:13');
INSERT INTO chatting.userGroup (id, user_id, group_id, is_active, created_at, modified_at) VALUES (298, '61346cfafc13ae32c800001c', '34359983ty54stat430004b', 1, '2021-09-11 15:14:13', '2021-09-11 15:14:13');
INSERT INTO chatting.userGroup (id, user_id, group_id, is_active, created_at, modified_at) VALUES (299, '61346cfafc13ae32c800001c', '34359983ty54stat4300046', 1, '2021-09-11 15:14:13', '2021-09-11 15:14:13');
INSERT INTO chatting.userGroup (id, user_id, group_id, is_active, created_at, modified_at) VALUES (300, '61346cfafc13ae32c800001c', '34359983ty54stat430006d', 1, '2021-09-11 15:14:13', '2021-09-11 15:14:13');
INSERT INTO chatting.userGroup (id, user_id, group_id, is_active, created_at, modified_at) VALUES (301, '61346cfafc13ae32c800001c', '34359983ty54stat4300075', 1, '2021-09-11 15:14:13', '2021-09-11 15:14:13');
INSERT INTO chatting.userGroup (id, user_id, group_id, is_active, created_at, modified_at) VALUES (302, '61346cfafc13ae32c800001c', '34359983ty54stat430005e', 1, '2021-09-11 15:14:13', '2021-09-11 15:14:13');
INSERT INTO chatting.userGroup (id, user_id, group_id, is_active, created_at, modified_at) VALUES (303, '61346cfafc13ae32c800001c', '34359983ty54stat430006a', 1, '2021-09-11 15:14:13', '2021-09-11 15:14:13');
INSERT INTO chatting.userGroup (id, user_id, group_id, is_active, created_at, modified_at) VALUES (304, '61346cfafc13ae32c800001c', '34359983ty54stat4300062', 1, '2021-09-11 15:14:13', '2021-09-11 15:14:13');
INSERT INTO chatting.userGroup (id, user_id, group_id, is_active, created_at, modified_at) VALUES (305, '61346cfafc13ae32c800001c', '34359983ty54stat4300052', 1, '2021-09-11 15:14:13', '2021-09-11 15:14:13');
INSERT INTO chatting.userGroup (id, user_id, group_id, is_active, created_at, modified_at) VALUES (306, '61346cfafc13ae32c800001c', '34359983ty54stat4300061', 1, '2021-09-11 15:14:13', '2021-09-11 15:14:13');
INSERT INTO chatting.userGroup (id, user_id, group_id, is_active, created_at, modified_at) VALUES (307, '61346cfafc13ae32c800001c', '34359983ty54stat430006c', 1, '2021-09-11 15:14:13', '2021-09-11 15:14:13');
INSERT INTO chatting.userGroup (id, user_id, group_id, is_active, created_at, modified_at) VALUES (308, '61346cfafc13ae32c800001c', '34359983ty54stat4300070', 1, '2021-09-11 15:14:13', '2021-09-11 15:14:13');
INSERT INTO chatting.userGroup (id, user_id, group_id, is_active, created_at, modified_at) VALUES (309, '61346cfafc13ae32c800001c', '34359983ty54stat430005c', 1, '2021-09-11 15:14:13', '2021-09-11 15:14:13');
INSERT INTO chatting.userGroup (id, user_id, group_id, is_active, created_at, modified_at) VALUES (310, '61346cfafc13ae32c800001d', '34359983ty54stat4300072', 1, '2021-09-11 15:14:13', '2021-09-11 15:14:13');
INSERT INTO chatting.userGroup (id, user_id, group_id, is_active, created_at, modified_at) VALUES (311, '61346cfafc13ae32c800001d', '34359983ty54stat4300056', 1, '2021-09-11 15:14:13', '2021-09-11 15:14:13');
INSERT INTO chatting.userGroup (id, user_id, group_id, is_active, created_at, modified_at) VALUES (312, '61346cfafc13ae32c800001d', '34359983ty54stat430005d', 1, '2021-09-11 15:14:13', '2021-09-11 15:14:13');
INSERT INTO chatting.userGroup (id, user_id, group_id, is_active, created_at, modified_at) VALUES (313, '61346cfafc13ae32c800001d', '34359983ty54stat4300070', 1, '2021-09-11 15:14:13', '2021-09-11 15:14:13');
INSERT INTO chatting.userGroup (id, user_id, group_id, is_active, created_at, modified_at) VALUES (314, '61346cfafc13ae32c800001d', '34359983ty54stat430004f', 1, '2021-09-11 15:14:13', '2021-09-11 15:14:13');
INSERT INTO chatting.userGroup (id, user_id, group_id, is_active, created_at, modified_at) VALUES (315, '61346cfafc13ae32c800001d', '34359983ty54stat430004a', 1, '2021-09-11 15:14:13', '2021-09-11 15:14:13');
INSERT INTO chatting.userGroup (id, user_id, group_id, is_active, created_at, modified_at) VALUES (316, '61346cfafc13ae32c800001d', '34359983ty54stat430005f', 1, '2021-09-11 15:14:13', '2021-09-11 15:14:13');
INSERT INTO chatting.userGroup (id, user_id, group_id, is_active, created_at, modified_at) VALUES (317, '61346cfafc13ae32c800001d', '34359983ty54stat430004d', 1, '2021-09-11 15:14:13', '2021-09-11 15:14:13');
INSERT INTO chatting.userGroup (id, user_id, group_id, is_active, created_at, modified_at) VALUES (318, '61346cfafc13ae32c800001d', '34359983ty54stat4300075', 1, '2021-09-11 15:14:13', '2021-09-11 15:14:13');
INSERT INTO chatting.userGroup (id, user_id, group_id, is_active, created_at, modified_at) VALUES (319, '61346cfafc13ae32c800001d', '34359983ty54stat4300058', 1, '2021-09-11 15:14:13', '2021-09-11 15:14:13');
INSERT INTO chatting.userGroup (id, user_id, group_id, is_active, created_at, modified_at) VALUES (320, '61346cfafc13ae32c800001d', '34359983ty54stat4300050', 1, '2021-09-11 15:14:13', '2021-09-11 15:14:13');
INSERT INTO chatting.userGroup (id, user_id, group_id, is_active, created_at, modified_at) VALUES (321, '61346cfafc13ae32c800001d', '34359983ty54stat4300068', 1, '2021-09-11 15:14:13', '2021-09-11 15:14:13');
INSERT INTO chatting.userGroup (id, user_id, group_id, is_active, created_at, modified_at) VALUES (322, '61346cfafc13ae32c800001d', '34359983ty54stat4300069', 1, '2021-09-11 15:14:13', '2021-09-11 15:14:13');
INSERT INTO chatting.userGroup (id, user_id, group_id, is_active, created_at, modified_at) VALUES (323, '61346cfafc13ae32c800001d', '34359983ty54stat430006c', 1, '2021-09-11 15:14:13', '2021-09-11 15:14:13');
INSERT INTO chatting.userGroup (id, user_id, group_id, is_active, created_at, modified_at) VALUES (324, '61346cfafc13ae32c800001d', '34359983ty54stat430005a', 1, '2021-09-11 15:14:13', '2021-09-11 15:14:13');
INSERT INTO chatting.userGroup (id, user_id, group_id, is_active, created_at, modified_at) VALUES (325, '61346cfafc13ae32c800001d', '34359983ty54stat4300060', 1, '2021-09-11 15:14:13', '2021-09-11 15:14:13');
INSERT INTO chatting.userGroup (id, user_id, group_id, is_active, created_at, modified_at) VALUES (326, '61346cfafc13ae32c800001d', '34359983ty54stat4300059', 1, '2021-09-11 15:14:13', '2021-09-11 15:14:13');
INSERT INTO chatting.userGroup (id, user_id, group_id, is_active, created_at, modified_at) VALUES (327, '61346cfafc13ae32c800001e', '34359983ty54stat4300056', 1, '2021-09-11 15:14:13', '2021-09-11 15:14:13');
INSERT INTO chatting.userGroup (id, user_id, group_id, is_active, created_at, modified_at) VALUES (328, '61346cfafc13ae32c800001e', '34359983ty54stat430004c', 1, '2021-09-11 15:14:13', '2021-09-11 15:14:13');
INSERT INTO chatting.userGroup (id, user_id, group_id, is_active, created_at, modified_at) VALUES (329, '61346cfafc13ae32c800001e', '34359983ty54stat4300061', 1, '2021-09-11 15:14:13', '2021-09-11 15:14:13');
INSERT INTO chatting.userGroup (id, user_id, group_id, is_active, created_at, modified_at) VALUES (330, '61346cfafc13ae32c800001e', '34359983ty54stat430006a', 1, '2021-09-11 15:14:13', '2021-09-11 15:14:13');
INSERT INTO chatting.userGroup (id, user_id, group_id, is_active, created_at, modified_at) VALUES (331, '61346cfafc13ae32c800001e', '34359983ty54stat430004b', 1, '2021-09-11 15:14:13', '2021-09-11 15:14:13');
INSERT INTO chatting.userGroup (id, user_id, group_id, is_active, created_at, modified_at) VALUES (332, '61346cfafc13ae32c800001e', '34359983ty54stat4300073', 1, '2021-09-11 15:14:13', '2021-09-11 15:14:13');
INSERT INTO chatting.userGroup (id, user_id, group_id, is_active, created_at, modified_at) VALUES (333, '61346cfafc13ae32c800001e', '34359983ty54stat4300051', 1, '2021-09-11 15:14:13', '2021-09-11 15:14:13');
INSERT INTO chatting.userGroup (id, user_id, group_id, is_active, created_at, modified_at) VALUES (334, '61346cfafc13ae32c800001e', '34359983ty54stat430006c', 1, '2021-09-11 15:14:13', '2021-09-11 15:14:13');
INSERT INTO chatting.userGroup (id, user_id, group_id, is_active, created_at, modified_at) VALUES (335, '61346cfafc13ae32c800001e', '34359983ty54stat4300050', 1, '2021-09-11 15:14:13', '2021-09-11 15:14:13');
INSERT INTO chatting.userGroup (id, user_id, group_id, is_active, created_at, modified_at) VALUES (336, '61346cfafc13ae32c800001e', '34359983ty54stat4300053', 1, '2021-09-11 15:14:13', '2021-09-11 15:14:13');
INSERT INTO chatting.userGroup (id, user_id, group_id, is_active, created_at, modified_at) VALUES (337, '61346cfafc13ae32c800001e', '34359983ty54stat430006d', 1, '2021-09-11 15:14:13', '2021-09-11 15:14:13');
INSERT INTO chatting.userGroup (id, user_id, group_id, is_active, created_at, modified_at) VALUES (338, '61346cfafc13ae32c800001e', '34359983ty54stat430006b', 1, '2021-09-11 15:14:13', '2021-09-11 15:14:13');
INSERT INTO chatting.userGroup (id, user_id, group_id, is_active, created_at, modified_at) VALUES (339, '61346cfafc13ae32c800001e', '34359983ty54stat4300065', 1, '2021-09-11 15:14:13', '2021-09-11 15:14:13');
INSERT INTO chatting.userGroup (id, user_id, group_id, is_active, created_at, modified_at) VALUES (340, '61346cfafc13ae32c800001e', '34359983ty54stat4300069', 1, '2021-09-11 15:14:13', '2021-09-11 15:14:13');
INSERT INTO chatting.userGroup (id, user_id, group_id, is_active, created_at, modified_at) VALUES (341, '61346cfafc13ae32c800001e', '34359983ty54stat4300049', 1, '2021-09-11 15:14:13', '2021-09-11 15:14:13');
INSERT INTO chatting.userGroup (id, user_id, group_id, is_active, created_at, modified_at) VALUES (342, '61346cfafc13ae32c800001e', '34359983ty54stat4300059', 1, '2021-09-11 15:14:13', '2021-09-11 15:14:13');
INSERT INTO chatting.userGroup (id, user_id, group_id, is_active, created_at, modified_at) VALUES (343, '61346cfafc13ae32c800001e', '34359983ty54stat4300077', 1, '2021-09-11 15:14:13', '2021-09-11 15:14:13');
INSERT INTO chatting.userGroup (id, user_id, group_id, is_active, created_at, modified_at) VALUES (344, '61346cfafc13ae32c800001f', '34359983ty54stat4300068', 1, '2021-09-11 15:14:13', '2021-09-11 15:14:13');
INSERT INTO chatting.userGroup (id, user_id, group_id, is_active, created_at, modified_at) VALUES (345, '61346cfafc13ae32c800001f', '34359983ty54stat430005e', 1, '2021-09-11 15:14:13', '2021-09-11 15:14:13');
INSERT INTO chatting.userGroup (id, user_id, group_id, is_active, created_at, modified_at) VALUES (346, '61346cfafc13ae32c800001f', '34359983ty54stat430006d', 1, '2021-09-11 15:14:13', '2021-09-11 15:14:13');
INSERT INTO chatting.userGroup (id, user_id, group_id, is_active, created_at, modified_at) VALUES (347, '61346cfafc13ae32c800001f', '34359983ty54stat4300051', 1, '2021-09-11 15:14:13', '2021-09-11 15:14:13');
INSERT INTO chatting.userGroup (id, user_id, group_id, is_active, created_at, modified_at) VALUES (348, '61346cfafc13ae32c800001f', '34359983ty54stat430005f', 1, '2021-09-11 15:14:13', '2021-09-11 15:14:13');
INSERT INTO chatting.userGroup (id, user_id, group_id, is_active, created_at, modified_at) VALUES (349, '61346cfafc13ae32c800001f', '34359983ty54stat430004e', 1, '2021-09-11 15:14:13', '2021-09-11 15:14:13');
INSERT INTO chatting.userGroup (id, user_id, group_id, is_active, created_at, modified_at) VALUES (350, '61346cfafc13ae32c800001f', '34359983ty54stat4300056', 1, '2021-09-11 15:14:13', '2021-09-11 15:14:13');
INSERT INTO chatting.userGroup (id, user_id, group_id, is_active, created_at, modified_at) VALUES (351, '61346cfafc13ae32c800001f', '34359983ty54stat4300074', 1, '2021-09-11 15:14:13', '2021-09-11 15:14:13');
INSERT INTO chatting.userGroup (id, user_id, group_id, is_active, created_at, modified_at) VALUES (352, '61346cfafc13ae32c800001f', '34359983ty54stat4300075', 1, '2021-09-11 15:14:13', '2021-09-11 15:14:13');
INSERT INTO chatting.userGroup (id, user_id, group_id, is_active, created_at, modified_at) VALUES (353, '61346cfafc13ae32c800001f', '34359983ty54stat430005b', 1, '2021-09-11 15:14:13', '2021-09-11 15:14:13');
INSERT INTO chatting.userGroup (id, user_id, group_id, is_active, created_at, modified_at) VALUES (354, '61346cfafc13ae32c800001f', '34359983ty54stat4300066', 1, '2021-09-11 15:14:13', '2021-09-11 15:14:13');
INSERT INTO chatting.userGroup (id, user_id, group_id, is_active, created_at, modified_at) VALUES (355, '61346cfafc13ae32c800001f', '34359983ty54stat430006e', 1, '2021-09-11 15:14:13', '2021-09-11 15:14:13');
INSERT INTO chatting.userGroup (id, user_id, group_id, is_active, created_at, modified_at) VALUES (356, '61346cfafc13ae32c800001f', '34359983ty54stat4300061', 1, '2021-09-11 15:14:13', '2021-09-11 15:14:13');
INSERT INTO chatting.userGroup (id, user_id, group_id, is_active, created_at, modified_at) VALUES (357, '61346cfafc13ae32c800001f', '34359983ty54stat4300065', 1, '2021-09-11 15:14:13', '2021-09-11 15:14:13');
INSERT INTO chatting.userGroup (id, user_id, group_id, is_active, created_at, modified_at) VALUES (358, '61346cfafc13ae32c800001f', '34359983ty54stat4300058', 1, '2021-09-11 15:14:13', '2021-09-11 15:14:13');
INSERT INTO chatting.userGroup (id, user_id, group_id, is_active, created_at, modified_at) VALUES (359, '61346cfafc13ae32c800001f', '34359983ty54stat4300052', 1, '2021-09-11 15:14:13', '2021-09-11 15:14:13');
INSERT INTO chatting.userGroup (id, user_id, group_id, is_active, created_at, modified_at) VALUES (360, '61346cfafc13ae32c800001f', '34359983ty54stat4300055', 1, '2021-09-11 15:14:13', '2021-09-11 15:14:13');
INSERT INTO chatting.userGroup (id, user_id, group_id, is_active, created_at, modified_at) VALUES (361, '61346cfafc13ae32c800001f', '34359983ty54stat4300050', 1, '2021-09-11 15:14:13', '2021-09-11 15:14:13');
INSERT INTO chatting.userGroup (id, user_id, group_id, is_active, created_at, modified_at) VALUES (362, '61346cfafc13ae32c8000020', '34359983ty54stat430006e', 1, '2021-09-11 15:14:13', '2021-09-11 15:14:13');
INSERT INTO chatting.userGroup (id, user_id, group_id, is_active, created_at, modified_at) VALUES (363, '61346cfafc13ae32c8000020', '34359983ty54stat430004f', 1, '2021-09-11 15:14:13', '2021-09-11 15:14:13');
INSERT INTO chatting.userGroup (id, user_id, group_id, is_active, created_at, modified_at) VALUES (364, '61346cfafc13ae32c8000020', '34359983ty54stat4300053', 1, '2021-09-11 15:14:13', '2021-09-11 15:14:13');
INSERT INTO chatting.userGroup (id, user_id, group_id, is_active, created_at, modified_at) VALUES (365, '61346cfafc13ae32c8000020', '34359983ty54stat430005a', 1, '2021-09-11 15:14:13', '2021-09-11 15:14:13');
INSERT INTO chatting.userGroup (id, user_id, group_id, is_active, created_at, modified_at) VALUES (366, '61346cfafc13ae32c8000020', '34359983ty54stat4300072', 1, '2021-09-11 15:14:13', '2021-09-11 15:14:13');
INSERT INTO chatting.userGroup (id, user_id, group_id, is_active, created_at, modified_at) VALUES (367, '61346cfafc13ae32c8000020', '34359983ty54stat430004b', 1, '2021-09-11 15:14:13', '2021-09-11 15:14:13');
INSERT INTO chatting.userGroup (id, user_id, group_id, is_active, created_at, modified_at) VALUES (368, '61346cfafc13ae32c8000020', '34359983ty54stat4300061', 1, '2021-09-11 15:14:13', '2021-09-11 15:14:13');
INSERT INTO chatting.userGroup (id, user_id, group_id, is_active, created_at, modified_at) VALUES (369, '61346cfafc13ae32c8000020', '34359983ty54stat4300062', 1, '2021-09-11 15:14:13', '2021-09-11 15:14:13');
INSERT INTO chatting.userGroup (id, user_id, group_id, is_active, created_at, modified_at) VALUES (370, '61346cfafc13ae32c8000020', '34359983ty54stat4300077', 1, '2021-09-11 15:14:13', '2021-09-11 15:14:13');
INSERT INTO chatting.userGroup (id, user_id, group_id, is_active, created_at, modified_at) VALUES (371, '61346cfafc13ae32c8000020', '34359983ty54stat4300064', 1, '2021-09-11 15:14:13', '2021-09-11 15:14:13');
INSERT INTO chatting.userGroup (id, user_id, group_id, is_active, created_at, modified_at) VALUES (372, '61346cfafc13ae32c8000020', '34359983ty54stat4300066', 1, '2021-09-11 15:14:13', '2021-09-11 15:14:13');
INSERT INTO chatting.userGroup (id, user_id, group_id, is_active, created_at, modified_at) VALUES (373, '61346cfafc13ae32c8000020', '34359983ty54stat430005d', 1, '2021-09-11 15:14:13', '2021-09-11 15:14:13');
INSERT INTO chatting.userGroup (id, user_id, group_id, is_active, created_at, modified_at) VALUES (374, '61346cfafc13ae32c8000020', '34359983ty54stat4300068', 1, '2021-09-11 15:14:13', '2021-09-11 15:14:13');
INSERT INTO chatting.userGroup (id, user_id, group_id, is_active, created_at, modified_at) VALUES (375, '61346cfafc13ae32c8000020', '34359983ty54stat430005f', 1, '2021-09-11 15:14:13', '2021-09-11 15:14:13');
INSERT INTO chatting.userGroup (id, user_id, group_id, is_active, created_at, modified_at) VALUES (376, '61346cfafc13ae32c8000020', '34359983ty54stat4300069', 1, '2021-09-11 15:14:13', '2021-09-11 15:14:13');
INSERT INTO chatting.userGroup (id, user_id, group_id, is_active, created_at, modified_at) VALUES (377, '61346cfafc13ae32c8000021', '34359983ty54stat430006d', 1, '2021-09-11 15:14:13', '2021-09-11 15:14:13');
INSERT INTO chatting.userGroup (id, user_id, group_id, is_active, created_at, modified_at) VALUES (378, '61346cfafc13ae32c8000021', '34359983ty54stat4300056', 1, '2021-09-11 15:14:13', '2021-09-11 15:14:13');
INSERT INTO chatting.userGroup (id, user_id, group_id, is_active, created_at, modified_at) VALUES (379, '61346cfafc13ae32c8000021', '34359983ty54stat4300072', 1, '2021-09-11 15:14:13', '2021-09-11 15:14:13');
INSERT INTO chatting.userGroup (id, user_id, group_id, is_active, created_at, modified_at) VALUES (380, '61346cfafc13ae32c8000021', '34359983ty54stat4300049', 1, '2021-09-11 15:14:13', '2021-09-11 15:14:13');
INSERT INTO chatting.userGroup (id, user_id, group_id, is_active, created_at, modified_at) VALUES (381, '61346cfafc13ae32c8000021', '34359983ty54stat4300077', 1, '2021-09-11 15:14:13', '2021-09-11 15:14:13');
INSERT INTO chatting.userGroup (id, user_id, group_id, is_active, created_at, modified_at) VALUES (382, '61346cfafc13ae32c8000021', '34359983ty54stat4300050', 1, '2021-09-11 15:14:13', '2021-09-11 15:14:13');
INSERT INTO chatting.userGroup (id, user_id, group_id, is_active, created_at, modified_at) VALUES (383, '61346cfafc13ae32c8000021', '34359983ty54stat430006e', 1, '2021-09-11 15:14:13', '2021-09-11 15:14:13');
INSERT INTO chatting.userGroup (id, user_id, group_id, is_active, created_at, modified_at) VALUES (384, '61346cfafc13ae32c8000021', '34359983ty54stat4300060', 1, '2021-09-11 15:14:13', '2021-09-11 15:14:13');
INSERT INTO chatting.userGroup (id, user_id, group_id, is_active, created_at, modified_at) VALUES (385, '61346cfafc13ae32c8000021', '34359983ty54stat430005b', 1, '2021-09-11 15:14:13', '2021-09-11 15:14:13');
INSERT INTO chatting.userGroup (id, user_id, group_id, is_active, created_at, modified_at) VALUES (386, '61346cfafc13ae32c8000021', '34359983ty54stat430004e', 1, '2021-09-11 15:14:13', '2021-09-11 15:14:13');
INSERT INTO chatting.userGroup (id, user_id, group_id, is_active, created_at, modified_at) VALUES (387, '61346cfafc13ae32c8000021', '34359983ty54stat430005c', 1, '2021-09-11 15:14:13', '2021-09-11 15:14:13');
INSERT INTO chatting.userGroup (id, user_id, group_id, is_active, created_at, modified_at) VALUES (388, '61346cfafc13ae32c8000021', '34359983ty54stat4300064', 1, '2021-09-11 15:14:13', '2021-09-11 15:14:13');
INSERT INTO chatting.userGroup (id, user_id, group_id, is_active, created_at, modified_at) VALUES (389, '61346cfafc13ae32c8000021', '34359983ty54stat4300054', 1, '2021-09-11 15:14:13', '2021-09-11 15:14:13');
INSERT INTO chatting.userGroup (id, user_id, group_id, is_active, created_at, modified_at) VALUES (390, '61346cfafc13ae32c8000021', '34359983ty54stat4300053', 1, '2021-09-11 15:14:13', '2021-09-11 15:14:13');
INSERT INTO chatting.userGroup (id, user_id, group_id, is_active, created_at, modified_at) VALUES (391, '61346cfafc13ae32c8000022', '34359983ty54stat430005e', 1, '2021-09-11 15:14:13', '2021-09-11 15:14:13');
INSERT INTO chatting.userGroup (id, user_id, group_id, is_active, created_at, modified_at) VALUES (392, '61346cfafc13ae32c8000022', '34359983ty54stat430005d', 1, '2021-09-11 15:14:13', '2021-09-11 15:14:13');
INSERT INTO chatting.userGroup (id, user_id, group_id, is_active, created_at, modified_at) VALUES (393, '61346cfafc13ae32c8000022', '34359983ty54stat4300049', 1, '2021-09-11 15:14:13', '2021-09-11 15:14:13');
INSERT INTO chatting.userGroup (id, user_id, group_id, is_active, created_at, modified_at) VALUES (394, '61346cfafc13ae32c8000022', '34359983ty54stat430004f', 1, '2021-09-11 15:14:13', '2021-09-11 15:14:13');
INSERT INTO chatting.userGroup (id, user_id, group_id, is_active, created_at, modified_at) VALUES (395, '61346cfafc13ae32c8000022', '34359983ty54stat4300066', 1, '2021-09-11 15:14:13', '2021-09-11 15:14:13');
INSERT INTO chatting.userGroup (id, user_id, group_id, is_active, created_at, modified_at) VALUES (396, '61346cfafc13ae32c8000022', '34359983ty54stat4300067', 1, '2021-09-11 15:14:13', '2021-09-11 15:14:13');
INSERT INTO chatting.userGroup (id, user_id, group_id, is_active, created_at, modified_at) VALUES (397, '61346cfafc13ae32c8000022', '34359983ty54stat4300055', 1, '2021-09-11 15:14:13', '2021-09-11 15:14:13');
INSERT INTO chatting.userGroup (id, user_id, group_id, is_active, created_at, modified_at) VALUES (398, '61346cfafc13ae32c8000022', '34359983ty54stat430006b', 1, '2021-09-11 15:14:13', '2021-09-11 15:14:13');
INSERT INTO chatting.userGroup (id, user_id, group_id, is_active, created_at, modified_at) VALUES (399, '61346cfafc13ae32c8000022', '34359983ty54stat430005f', 1, '2021-09-11 15:14:13', '2021-09-11 15:14:13');
INSERT INTO chatting.userGroup (id, user_id, group_id, is_active, created_at, modified_at) VALUES (400, '61346cfafc13ae32c8000022', '34359983ty54stat4300050', 1, '2021-09-11 15:14:13', '2021-09-11 15:14:13');
INSERT INTO chatting.userGroup (id, user_id, group_id, is_active, created_at, modified_at) VALUES (401, '61346cfafc13ae32c8000022', '34359983ty54stat430005c', 1, '2021-09-11 15:14:13', '2021-09-11 15:14:13');
INSERT INTO chatting.userGroup (id, user_id, group_id, is_active, created_at, modified_at) VALUES (402, '61346cfafc13ae32c8000022', '34359983ty54stat4300064', 1, '2021-09-11 15:14:13', '2021-09-11 15:14:13');
INSERT INTO chatting.userGroup (id, user_id, group_id, is_active, created_at, modified_at) VALUES (403, '61346cfafc13ae32c8000022', '34359983ty54stat4300063', 1, '2021-09-11 15:14:13', '2021-09-11 15:14:13');
INSERT INTO chatting.userGroup (id, user_id, group_id, is_active, created_at, modified_at) VALUES (404, '61346cfafc13ae32c8000022', '34359983ty54stat4300046', 1, '2021-09-11 15:14:13', '2021-09-11 15:14:13');
INSERT INTO chatting.userGroup (id, user_id, group_id, is_active, created_at, modified_at) VALUES (405, '61346cfafc13ae32c8000022', '34359983ty54stat4300047', 1, '2021-09-11 15:14:13', '2021-09-11 15:14:13');
INSERT INTO chatting.userGroup (id, user_id, group_id, is_active, created_at, modified_at) VALUES (406, '61346cfafc13ae32c8000022', '34359983ty54stat4300052', 1, '2021-09-11 15:14:13', '2021-09-11 15:14:13');
INSERT INTO chatting.userGroup (id, user_id, group_id, is_active, created_at, modified_at) VALUES (407, '61346cfafc13ae32c8000022', '34359983ty54stat430004d', 1, '2021-09-11 15:14:13', '2021-09-11 15:14:13');
INSERT INTO chatting.userGroup (id, user_id, group_id, is_active, created_at, modified_at) VALUES (408, '61346cfafc13ae32c8000022', '34359983ty54stat4300057', 1, '2021-09-11 15:14:13', '2021-09-11 15:14:13');
INSERT INTO chatting.userGroup (id, user_id, group_id, is_active, created_at, modified_at) VALUES (409, '61346cfafc13ae32c8000022', '34359983ty54stat4300058', 1, '2021-09-11 15:14:13', '2021-09-11 15:14:13');
INSERT INTO chatting.userGroup (id, user_id, group_id, is_active, created_at, modified_at) VALUES (410, '61346cfafc13ae32c8000022', '34359983ty54stat430006a', 1, '2021-09-11 15:14:13', '2021-09-11 15:14:13');
INSERT INTO chatting.userGroup (id, user_id, group_id, is_active, created_at, modified_at) VALUES (411, '61346cfafc13ae32c8000023', '34359983ty54stat4300055', 1, '2021-09-11 15:14:13', '2021-09-11 15:14:13');
INSERT INTO chatting.userGroup (id, user_id, group_id, is_active, created_at, modified_at) VALUES (412, '61346cfafc13ae32c8000023', '34359983ty54stat430004b', 1, '2021-09-11 15:14:13', '2021-09-11 15:14:13');
INSERT INTO chatting.userGroup (id, user_id, group_id, is_active, created_at, modified_at) VALUES (413, '61346cfafc13ae32c8000023', '34359983ty54stat4300072', 1, '2021-09-11 15:14:13', '2021-09-11 15:14:13');
INSERT INTO chatting.userGroup (id, user_id, group_id, is_active, created_at, modified_at) VALUES (414, '61346cfafc13ae32c8000023', '34359983ty54stat430004e', 1, '2021-09-11 15:14:13', '2021-09-11 15:14:13');
INSERT INTO chatting.userGroup (id, user_id, group_id, is_active, created_at, modified_at) VALUES (415, '61346cfafc13ae32c8000023', '34359983ty54stat430006b', 1, '2021-09-11 15:14:13', '2021-09-11 15:14:13');
INSERT INTO chatting.userGroup (id, user_id, group_id, is_active, created_at, modified_at) VALUES (416, '61346cfafc13ae32c8000023', '34359983ty54stat4300073', 1, '2021-09-11 15:14:13', '2021-09-11 15:14:13');
INSERT INTO chatting.userGroup (id, user_id, group_id, is_active, created_at, modified_at) VALUES (417, '61346cfafc13ae32c8000023', '34359983ty54stat4300050', 1, '2021-09-11 15:14:13', '2021-09-11 15:14:13');
INSERT INTO chatting.userGroup (id, user_id, group_id, is_active, created_at, modified_at) VALUES (418, '61346cfafc13ae32c8000023', '34359983ty54stat430004c', 1, '2021-09-11 15:14:13', '2021-09-11 15:14:13');
INSERT INTO chatting.userGroup (id, user_id, group_id, is_active, created_at, modified_at) VALUES (419, '61346cfafc13ae32c8000023', '34359983ty54stat4300059', 1, '2021-09-11 15:14:13', '2021-09-11 15:14:13');
INSERT INTO chatting.userGroup (id, user_id, group_id, is_active, created_at, modified_at) VALUES (420, '61346cfafc13ae32c8000023', '34359983ty54stat4300069', 1, '2021-09-11 15:14:13', '2021-09-11 15:14:13');
INSERT INTO chatting.userGroup (id, user_id, group_id, is_active, created_at, modified_at) VALUES (421, '61346cfafc13ae32c8000023', '34359983ty54stat4300063', 1, '2021-09-11 15:14:13', '2021-09-11 15:14:13');
INSERT INTO chatting.userGroup (id, user_id, group_id, is_active, created_at, modified_at) VALUES (422, '61346cfafc13ae32c8000023', '34359983ty54stat4300074', 1, '2021-09-11 15:14:13', '2021-09-11 15:14:13');
INSERT INTO chatting.userGroup (id, user_id, group_id, is_active, created_at, modified_at) VALUES (423, '61346cfafc13ae32c8000023', '34359983ty54stat430004f', 1, '2021-09-11 15:14:13', '2021-09-11 15:14:13');
INSERT INTO chatting.userGroup (id, user_id, group_id, is_active, created_at, modified_at) VALUES (424, '61346cfafc13ae32c8000023', '34359983ty54stat430006a', 1, '2021-09-11 15:14:13', '2021-09-11 15:14:13');
INSERT INTO chatting.userGroup (id, user_id, group_id, is_active, created_at, modified_at) VALUES (425, '61346cfafc13ae32c8000024', '34359983ty54stat4300075', 1, '2021-09-11 15:14:13', '2021-09-11 15:14:13');
INSERT INTO chatting.userGroup (id, user_id, group_id, is_active, created_at, modified_at) VALUES (426, '61346cfafc13ae32c8000024', '34359983ty54stat4300051', 1, '2021-09-11 15:14:13', '2021-09-11 15:14:13');
INSERT INTO chatting.userGroup (id, user_id, group_id, is_active, created_at, modified_at) VALUES (427, '61346cfafc13ae32c8000024', '34359983ty54stat4300070', 1, '2021-09-11 15:14:13', '2021-09-11 15:14:13');
INSERT INTO chatting.userGroup (id, user_id, group_id, is_active, created_at, modified_at) VALUES (428, '61346cfafc13ae32c8000024', '34359983ty54stat430004f', 1, '2021-09-11 15:14:13', '2021-09-11 15:14:13');
INSERT INTO chatting.userGroup (id, user_id, group_id, is_active, created_at, modified_at) VALUES (429, '61346cfafc13ae32c8000024', '34359983ty54stat430005f', 1, '2021-09-11 15:14:13', '2021-09-11 15:14:13');
INSERT INTO chatting.userGroup (id, user_id, group_id, is_active, created_at, modified_at) VALUES (430, '61346cfafc13ae32c8000024', '34359983ty54stat4300058', 1, '2021-09-11 15:14:13', '2021-09-11 15:14:13');
INSERT INTO chatting.userGroup (id, user_id, group_id, is_active, created_at, modified_at) VALUES (431, '61346cfafc13ae32c8000024', '34359983ty54stat4300059', 1, '2021-09-11 15:14:13', '2021-09-11 15:14:13');
INSERT INTO chatting.userGroup (id, user_id, group_id, is_active, created_at, modified_at) VALUES (432, '61346cfafc13ae32c8000024', '34359983ty54stat4300054', 1, '2021-09-11 15:14:13', '2021-09-11 15:14:13');
INSERT INTO chatting.userGroup (id, user_id, group_id, is_active, created_at, modified_at) VALUES (433, '61346cfafc13ae32c8000024', '34359983ty54stat430005a', 1, '2021-09-11 15:14:13', '2021-09-11 15:14:13');
INSERT INTO chatting.userGroup (id, user_id, group_id, is_active, created_at, modified_at) VALUES (434, '61346cfafc13ae32c8000024', '34359983ty54stat430005e', 1, '2021-09-11 15:14:13', '2021-09-11 15:14:13');
INSERT INTO chatting.userGroup (id, user_id, group_id, is_active, created_at, modified_at) VALUES (435, '61346cfafc13ae32c8000024', '34359983ty54stat430004a', 1, '2021-09-11 15:14:13', '2021-09-11 15:14:13');
INSERT INTO chatting.userGroup (id, user_id, group_id, is_active, created_at, modified_at) VALUES (436, '61346cfafc13ae32c8000024', '34359983ty54stat430006d', 1, '2021-09-11 15:14:13', '2021-09-11 15:14:13');
INSERT INTO chatting.userGroup (id, user_id, group_id, is_active, created_at, modified_at) VALUES (437, '61346cfafc13ae32c8000024', '34359983ty54stat430005c', 1, '2021-09-11 15:14:14', '2021-09-11 15:14:14');
INSERT INTO chatting.userGroup (id, user_id, group_id, is_active, created_at, modified_at) VALUES (438, '61346cfafc13ae32c8000024', '34359983ty54stat430005b', 1, '2021-09-11 15:14:14', '2021-09-11 15:14:14');
INSERT INTO chatting.userGroup (id, user_id, group_id, is_active, created_at, modified_at) VALUES (439, '61346cfafc13ae32c8000024', '34359983ty54stat4300066', 1, '2021-09-11 15:14:14', '2021-09-11 15:14:14');
INSERT INTO chatting.userGroup (id, user_id, group_id, is_active, created_at, modified_at) VALUES (440, '61346cfafc13ae32c8000024', '34359983ty54stat4300049', 1, '2021-09-11 15:14:14', '2021-09-11 15:14:14');
INSERT INTO chatting.userGroup (id, user_id, group_id, is_active, created_at, modified_at) VALUES (441, '61346cfafc13ae32c8000024', '34359983ty54stat4300074', 1, '2021-09-11 15:14:14', '2021-09-11 15:14:14');
INSERT INTO chatting.userGroup (id, user_id, group_id, is_active, created_at, modified_at) VALUES (442, '61346cfafc13ae32c8000025', '34359983ty54stat430006d', 1, '2021-09-11 15:14:14', '2021-09-11 15:14:14');
INSERT INTO chatting.userGroup (id, user_id, group_id, is_active, created_at, modified_at) VALUES (443, '61346cfafc13ae32c8000025', '34359983ty54stat4300053', 1, '2021-09-11 15:14:14', '2021-09-11 15:14:14');
INSERT INTO chatting.userGroup (id, user_id, group_id, is_active, created_at, modified_at) VALUES (444, '61346cfafc13ae32c8000025', '34359983ty54stat4300067', 1, '2021-09-11 15:14:14', '2021-09-11 15:14:14');
INSERT INTO chatting.userGroup (id, user_id, group_id, is_active, created_at, modified_at) VALUES (445, '61346cfafc13ae32c8000025', '34359983ty54stat4300068', 1, '2021-09-11 15:14:14', '2021-09-11 15:14:14');
INSERT INTO chatting.userGroup (id, user_id, group_id, is_active, created_at, modified_at) VALUES (446, '61346cfafc13ae32c8000025', '34359983ty54stat4300071', 1, '2021-09-11 15:14:14', '2021-09-11 15:14:14');
INSERT INTO chatting.userGroup (id, user_id, group_id, is_active, created_at, modified_at) VALUES (447, '61346cfafc13ae32c8000025', '34359983ty54stat4300074', 1, '2021-09-11 15:14:14', '2021-09-11 15:14:14');
INSERT INTO chatting.userGroup (id, user_id, group_id, is_active, created_at, modified_at) VALUES (448, '61346cfafc13ae32c8000025', '34359983ty54stat4300064', 1, '2021-09-11 15:14:14', '2021-09-11 15:14:14');
INSERT INTO chatting.userGroup (id, user_id, group_id, is_active, created_at, modified_at) VALUES (449, '61346cfafc13ae32c8000025', '34359983ty54stat430004c', 1, '2021-09-11 15:14:14', '2021-09-11 15:14:14');
INSERT INTO chatting.userGroup (id, user_id, group_id, is_active, created_at, modified_at) VALUES (450, '61346cfafc13ae32c8000025', '34359983ty54stat430004a', 1, '2021-09-11 15:14:14', '2021-09-11 15:14:14');
INSERT INTO chatting.userGroup (id, user_id, group_id, is_active, created_at, modified_at) VALUES (451, '61346cfafc13ae32c8000025', '34359983ty54stat4300072', 1, '2021-09-11 15:14:14', '2021-09-11 15:14:14');
INSERT INTO chatting.userGroup (id, user_id, group_id, is_active, created_at, modified_at) VALUES (452, '61346cfafc13ae32c8000025', '34359983ty54stat4300075', 1, '2021-09-11 15:14:14', '2021-09-11 15:14:14');
INSERT INTO chatting.userGroup (id, user_id, group_id, is_active, created_at, modified_at) VALUES (453, '61346cfafc13ae32c8000025', '34359983ty54stat4300077', 1, '2021-09-11 15:14:14', '2021-09-11 15:14:14');
INSERT INTO chatting.userGroup (id, user_id, group_id, is_active, created_at, modified_at) VALUES (454, '61346cfafc13ae32c8000025', '34359983ty54stat4300062', 1, '2021-09-11 15:14:14', '2021-09-11 15:14:14');
INSERT INTO chatting.userGroup (id, user_id, group_id, is_active, created_at, modified_at) VALUES (455, '61346cfafc13ae32c8000025', '34359983ty54stat4300073', 1, '2021-09-11 15:14:14', '2021-09-11 15:14:14');
INSERT INTO chatting.userGroup (id, user_id, group_id, is_active, created_at, modified_at) VALUES (456, '61346cfafc13ae32c8000025', '34359983ty54stat4300049', 1, '2021-09-11 15:14:14', '2021-09-11 15:14:14');
INSERT INTO chatting.userGroup (id, user_id, group_id, is_active, created_at, modified_at) VALUES (457, '61346cfafc13ae32c8000025', '34359983ty54stat4300063', 1, '2021-09-11 15:14:14', '2021-09-11 15:14:14');
INSERT INTO chatting.userGroup (id, user_id, group_id, is_active, created_at, modified_at) VALUES (458, '61346cfafc13ae32c8000025', '34359983ty54stat4300065', 1, '2021-09-11 15:14:14', '2021-09-11 15:14:14');
INSERT INTO chatting.userGroup (id, user_id, group_id, is_active, created_at, modified_at) VALUES (459, '61346cfafc13ae32c8000026', '34359983ty54stat430004e', 1, '2021-09-11 15:14:14', '2021-09-11 15:14:14');
INSERT INTO chatting.userGroup (id, user_id, group_id, is_active, created_at, modified_at) VALUES (460, '61346cfafc13ae32c8000026', '34359983ty54stat430006d', 1, '2021-09-11 15:14:14', '2021-09-11 15:14:14');
INSERT INTO chatting.userGroup (id, user_id, group_id, is_active, created_at, modified_at) VALUES (461, '61346cfafc13ae32c8000026', '34359983ty54stat4300059', 1, '2021-09-11 15:14:14', '2021-09-11 15:14:14');
INSERT INTO chatting.userGroup (id, user_id, group_id, is_active, created_at, modified_at) VALUES (462, '61346cfafc13ae32c8000026', '34359983ty54stat430005d', 1, '2021-09-11 15:14:14', '2021-09-11 15:14:14');
INSERT INTO chatting.userGroup (id, user_id, group_id, is_active, created_at, modified_at) VALUES (463, '61346cfafc13ae32c8000026', '34359983ty54stat4300061', 1, '2021-09-11 15:14:14', '2021-09-11 15:14:14');
INSERT INTO chatting.userGroup (id, user_id, group_id, is_active, created_at, modified_at) VALUES (464, '61346cfafc13ae32c8000026', '34359983ty54stat4300076', 1, '2021-09-11 15:14:14', '2021-09-11 15:14:14');
INSERT INTO chatting.userGroup (id, user_id, group_id, is_active, created_at, modified_at) VALUES (465, '61346cfafc13ae32c8000026', '34359983ty54stat430005c', 1, '2021-09-11 15:14:14', '2021-09-11 15:14:14');
INSERT INTO chatting.userGroup (id, user_id, group_id, is_active, created_at, modified_at) VALUES (466, '61346cfafc13ae32c8000026', '34359983ty54stat4300050', 1, '2021-09-11 15:14:14', '2021-09-11 15:14:14');
INSERT INTO chatting.userGroup (id, user_id, group_id, is_active, created_at, modified_at) VALUES (467, '61346cfafc13ae32c8000026', '34359983ty54stat4300046', 1, '2021-09-11 15:14:14', '2021-09-11 15:14:14');
INSERT INTO chatting.userGroup (id, user_id, group_id, is_active, created_at, modified_at) VALUES (468, '61346cfafc13ae32c8000026', '34359983ty54stat4300057', 1, '2021-09-11 15:14:14', '2021-09-11 15:14:14');
INSERT INTO chatting.userGroup (id, user_id, group_id, is_active, created_at, modified_at) VALUES (469, '61346cfafc13ae32c8000026', '34359983ty54stat4300065', 1, '2021-09-11 15:14:14', '2021-09-11 15:14:14');
INSERT INTO chatting.userGroup (id, user_id, group_id, is_active, created_at, modified_at) VALUES (470, '61346cfafc13ae32c8000026', '34359983ty54stat4300053', 1, '2021-09-11 15:14:14', '2021-09-11 15:14:14');
INSERT INTO chatting.userGroup (id, user_id, group_id, is_active, created_at, modified_at) VALUES (471, '61346cfafc13ae32c8000026', '34359983ty54stat4300058', 1, '2021-09-11 15:14:14', '2021-09-11 15:14:14');
INSERT INTO chatting.userGroup (id, user_id, group_id, is_active, created_at, modified_at) VALUES (472, '61346cfafc13ae32c8000026', '34359983ty54stat4300051', 1, '2021-09-11 15:14:14', '2021-09-11 15:14:14');
INSERT INTO chatting.userGroup (id, user_id, group_id, is_active, created_at, modified_at) VALUES (473, '61346cfafc13ae32c8000026', '34359983ty54stat4300075', 1, '2021-09-11 15:14:14', '2021-09-11 15:14:14');
INSERT INTO chatting.userGroup (id, user_id, group_id, is_active, created_at, modified_at) VALUES (474, '61346cfafc13ae32c8000026', '34359983ty54stat4300074', 1, '2021-09-11 15:14:14', '2021-09-11 15:14:14');
INSERT INTO chatting.userGroup (id, user_id, group_id, is_active, created_at, modified_at) VALUES (475, '61346cfafc13ae32c8000027', '34359983ty54stat430006b', 1, '2021-09-11 15:14:14', '2021-09-11 15:14:14');
INSERT INTO chatting.userGroup (id, user_id, group_id, is_active, created_at, modified_at) VALUES (476, '61346cfafc13ae32c8000027', '34359983ty54stat4300061', 1, '2021-09-11 15:14:14', '2021-09-11 15:14:14');
INSERT INTO chatting.userGroup (id, user_id, group_id, is_active, created_at, modified_at) VALUES (477, '61346cfafc13ae32c8000027', '34359983ty54stat430004c', 1, '2021-09-11 15:14:14', '2021-09-11 15:14:14');
INSERT INTO chatting.userGroup (id, user_id, group_id, is_active, created_at, modified_at) VALUES (478, '61346cfafc13ae32c8000027', '34359983ty54stat430006d', 1, '2021-09-11 15:14:14', '2021-09-11 15:14:14');
INSERT INTO chatting.userGroup (id, user_id, group_id, is_active, created_at, modified_at) VALUES (479, '61346cfafc13ae32c8000027', '34359983ty54stat430005c', 1, '2021-09-11 15:14:14', '2021-09-11 15:14:14');
INSERT INTO chatting.userGroup (id, user_id, group_id, is_active, created_at, modified_at) VALUES (480, '61346cfafc13ae32c8000027', '34359983ty54stat4300056', 1, '2021-09-11 15:14:14', '2021-09-11 15:14:14');
INSERT INTO chatting.userGroup (id, user_id, group_id, is_active, created_at, modified_at) VALUES (481, '61346cfafc13ae32c8000027', '34359983ty54stat430004f', 1, '2021-09-11 15:14:14', '2021-09-11 15:14:14');
INSERT INTO chatting.userGroup (id, user_id, group_id, is_active, created_at, modified_at) VALUES (482, '61346cfafc13ae32c8000027', '34359983ty54stat4300047', 1, '2021-09-11 15:14:14', '2021-09-11 15:14:14');
INSERT INTO chatting.userGroup (id, user_id, group_id, is_active, created_at, modified_at) VALUES (483, '61346cfafc13ae32c8000027', '34359983ty54stat4300074', 1, '2021-09-11 15:14:14', '2021-09-11 15:14:14');
INSERT INTO chatting.userGroup (id, user_id, group_id, is_active, created_at, modified_at) VALUES (484, '61346cfafc13ae32c8000027', '34359983ty54stat4300058', 1, '2021-09-11 15:14:14', '2021-09-11 15:14:14');
INSERT INTO chatting.userGroup (id, user_id, group_id, is_active, created_at, modified_at) VALUES (485, '61346cfafc13ae32c8000027', '34359983ty54stat4300068', 1, '2021-09-11 15:14:14', '2021-09-11 15:14:14');
INSERT INTO chatting.userGroup (id, user_id, group_id, is_active, created_at, modified_at) VALUES (486, '61346cfafc13ae32c8000027', '34359983ty54stat4300070', 1, '2021-09-11 15:14:14', '2021-09-11 15:14:14');
INSERT INTO chatting.userGroup (id, user_id, group_id, is_active, created_at, modified_at) VALUES (487, '61346cfafc13ae32c8000027', '34359983ty54stat4300057', 1, '2021-09-11 15:14:14', '2021-09-11 15:14:14');
INSERT INTO chatting.userGroup (id, user_id, group_id, is_active, created_at, modified_at) VALUES (488, '61346cfafc13ae32c8000027', '34359983ty54stat4300066', 1, '2021-09-11 15:14:14', '2021-09-11 15:14:14');
INSERT INTO chatting.userGroup (id, user_id, group_id, is_active, created_at, modified_at) VALUES (489, '61346cfafc13ae32c8000027', '34359983ty54stat4300067', 1, '2021-09-11 15:14:14', '2021-09-11 15:14:14');
INSERT INTO chatting.userGroup (id, user_id, group_id, is_active, created_at, modified_at) VALUES (490, '61346cfafc13ae32c8000027', '34359983ty54stat4300048', 1, '2021-09-11 15:14:14', '2021-09-11 15:14:14');
INSERT INTO chatting.userGroup (id, user_id, group_id, is_active, created_at, modified_at) VALUES (491, '61346cfafc13ae32c8000027', '34359983ty54stat4300069', 1, '2021-09-11 15:14:14', '2021-09-11 15:14:14');
INSERT INTO chatting.userGroup (id, user_id, group_id, is_active, created_at, modified_at) VALUES (492, '61346cfafc13ae32c8000028', '34359983ty54stat430006d', 1, '2021-09-11 15:14:14', '2021-09-11 15:14:14');
INSERT INTO chatting.userGroup (id, user_id, group_id, is_active, created_at, modified_at) VALUES (493, '61346cfafc13ae32c8000028', '34359983ty54stat430004e', 1, '2021-09-11 15:14:14', '2021-09-11 15:14:14');
INSERT INTO chatting.userGroup (id, user_id, group_id, is_active, created_at, modified_at) VALUES (494, '61346cfafc13ae32c8000028', '34359983ty54stat4300064', 1, '2021-09-11 15:14:14', '2021-09-11 15:14:14');
INSERT INTO chatting.userGroup (id, user_id, group_id, is_active, created_at, modified_at) VALUES (495, '61346cfafc13ae32c8000028', '34359983ty54stat4300056', 1, '2021-09-11 15:14:14', '2021-09-11 15:14:14');
INSERT INTO chatting.userGroup (id, user_id, group_id, is_active, created_at, modified_at) VALUES (496, '61346cfafc13ae32c8000028', '34359983ty54stat430004a', 1, '2021-09-11 15:14:14', '2021-09-11 15:14:14');
INSERT INTO chatting.userGroup (id, user_id, group_id, is_active, created_at, modified_at) VALUES (497, '61346cfafc13ae32c8000028', '34359983ty54stat4300047', 1, '2021-09-11 15:14:14', '2021-09-11 15:14:14');
INSERT INTO chatting.userGroup (id, user_id, group_id, is_active, created_at, modified_at) VALUES (498, '61346cfafc13ae32c8000028', '34359983ty54stat4300048', 1, '2021-09-11 15:14:14', '2021-09-11 15:14:14');
INSERT INTO chatting.userGroup (id, user_id, group_id, is_active, created_at, modified_at) VALUES (499, '61346cfafc13ae32c8000028', '34359983ty54stat430006e', 1, '2021-09-11 15:14:14', '2021-09-11 15:14:14');
INSERT INTO chatting.userGroup (id, user_id, group_id, is_active, created_at, modified_at) VALUES (500, '61346cfafc13ae32c8000028', '34359983ty54stat430004b', 1, '2021-09-11 15:14:14', '2021-09-11 15:14:14');
INSERT INTO chatting.userGroup (id, user_id, group_id, is_active, created_at, modified_at) VALUES (501, '61346cfafc13ae32c8000028', '34359983ty54stat4300053', 1, '2021-09-11 15:14:14', '2021-09-11 15:14:14');
INSERT INTO chatting.userGroup (id, user_id, group_id, is_active, created_at, modified_at) VALUES (502, '61346cfafc13ae32c8000028', '34359983ty54stat4300074', 1, '2021-09-11 15:14:14', '2021-09-11 15:14:14');
INSERT INTO chatting.userGroup (id, user_id, group_id, is_active, created_at, modified_at) VALUES (503, '61346cfafc13ae32c8000028', '34359983ty54stat4300050', 1, '2021-09-11 15:14:14', '2021-09-11 15:14:14');
INSERT INTO chatting.userGroup (id, user_id, group_id, is_active, created_at, modified_at) VALUES (504, '61346cfafc13ae32c8000028', '34359983ty54stat4300060', 1, '2021-09-11 15:14:14', '2021-09-11 15:14:14');
INSERT INTO chatting.userGroup (id, user_id, group_id, is_active, created_at, modified_at) VALUES (505, '61346cfafc13ae32c8000028', '34359983ty54stat430006a', 1, '2021-09-11 15:14:14', '2021-09-11 15:14:14');
INSERT INTO chatting.userGroup (id, user_id, group_id, is_active, created_at, modified_at) VALUES (506, '61346cfafc13ae32c8000028', '34359983ty54stat4300072', 1, '2021-09-11 15:14:14', '2021-09-11 15:14:14');
INSERT INTO chatting.userGroup (id, user_id, group_id, is_active, created_at, modified_at) VALUES (507, '61346cfafc13ae32c8000028', '34359983ty54stat4300049', 1, '2021-09-11 15:14:14', '2021-09-11 15:14:14');
INSERT INTO chatting.userGroup (id, user_id, group_id, is_active, created_at, modified_at) VALUES (508, '61346cfafc13ae32c8000028', '34359983ty54stat430006b', 1, '2021-09-11 15:14:14', '2021-09-11 15:14:14');
INSERT INTO chatting.userGroup (id, user_id, group_id, is_active, created_at, modified_at) VALUES (509, '61346cfafc13ae32c8000029', '34359983ty54stat4300057', 1, '2021-09-11 15:14:14', '2021-09-11 15:14:14');
INSERT INTO chatting.userGroup (id, user_id, group_id, is_active, created_at, modified_at) VALUES (510, '61346cfafc13ae32c8000029', '34359983ty54stat430006d', 1, '2021-09-11 15:14:14', '2021-09-11 15:14:14');
INSERT INTO chatting.userGroup (id, user_id, group_id, is_active, created_at, modified_at) VALUES (511, '61346cfafc13ae32c8000029', '34359983ty54stat430006a', 1, '2021-09-11 15:14:14', '2021-09-11 15:14:14');
INSERT INTO chatting.userGroup (id, user_id, group_id, is_active, created_at, modified_at) VALUES (512, '61346cfafc13ae32c8000029', '34359983ty54stat430004b', 1, '2021-09-11 15:14:14', '2021-09-11 15:14:14');
INSERT INTO chatting.userGroup (id, user_id, group_id, is_active, created_at, modified_at) VALUES (513, '61346cfafc13ae32c8000029', '34359983ty54stat4300073', 1, '2021-09-11 15:14:14', '2021-09-11 15:14:14');
INSERT INTO chatting.userGroup (id, user_id, group_id, is_active, created_at, modified_at) VALUES (514, '61346cfafc13ae32c8000029', '34359983ty54stat430004a', 1, '2021-09-11 15:14:14', '2021-09-11 15:14:14');
INSERT INTO chatting.userGroup (id, user_id, group_id, is_active, created_at, modified_at) VALUES (515, '61346cfafc13ae32c8000029', '34359983ty54stat4300076', 1, '2021-09-11 15:14:14', '2021-09-11 15:14:14');
INSERT INTO chatting.userGroup (id, user_id, group_id, is_active, created_at, modified_at) VALUES (516, '61346cfafc13ae32c8000029', '34359983ty54stat4300072', 1, '2021-09-11 15:14:14', '2021-09-11 15:14:14');
INSERT INTO chatting.userGroup (id, user_id, group_id, is_active, created_at, modified_at) VALUES (517, '61346cfafc13ae32c8000029', '34359983ty54stat4300077', 1, '2021-09-11 15:14:14', '2021-09-11 15:14:14');
INSERT INTO chatting.userGroup (id, user_id, group_id, is_active, created_at, modified_at) VALUES (518, '61346cfafc13ae32c8000029', '34359983ty54stat4300066', 1, '2021-09-11 15:14:14', '2021-09-11 15:14:14');
INSERT INTO chatting.userGroup (id, user_id, group_id, is_active, created_at, modified_at) VALUES (519, '61346cfafc13ae32c8000029', '34359983ty54stat430005d', 1, '2021-09-11 15:14:14', '2021-09-11 15:14:14');
INSERT INTO chatting.userGroup (id, user_id, group_id, is_active, created_at, modified_at) VALUES (520, '61346cfafc13ae32c8000029', '34359983ty54stat430006f', 1, '2021-09-11 15:14:14', '2021-09-11 15:14:14');
INSERT INTO chatting.userGroup (id, user_id, group_id, is_active, created_at, modified_at) VALUES (521, '61346cfafc13ae32c800002a', '34359983ty54stat4300056', 1, '2021-09-11 15:14:14', '2021-09-11 15:14:14');
INSERT INTO chatting.userGroup (id, user_id, group_id, is_active, created_at, modified_at) VALUES (522, '61346cfafc13ae32c800002a', '34359983ty54stat4300077', 1, '2021-09-11 15:14:14', '2021-09-11 15:14:14');
INSERT INTO chatting.userGroup (id, user_id, group_id, is_active, created_at, modified_at) VALUES (523, '61346cfafc13ae32c800002a', '34359983ty54stat4300068', 1, '2021-09-11 15:14:14', '2021-09-11 15:14:14');
INSERT INTO chatting.userGroup (id, user_id, group_id, is_active, created_at, modified_at) VALUES (524, '61346cfafc13ae32c800002a', '34359983ty54stat4300074', 1, '2021-09-11 15:14:14', '2021-09-11 15:14:14');
INSERT INTO chatting.userGroup (id, user_id, group_id, is_active, created_at, modified_at) VALUES (525, '61346cfafc13ae32c800002a', '34359983ty54stat430006a', 1, '2021-09-11 15:14:14', '2021-09-11 15:14:14');
INSERT INTO chatting.userGroup (id, user_id, group_id, is_active, created_at, modified_at) VALUES (526, '61346cfafc13ae32c800002a', '34359983ty54stat4300046', 1, '2021-09-11 15:14:14', '2021-09-11 15:14:14');
INSERT INTO chatting.userGroup (id, user_id, group_id, is_active, created_at, modified_at) VALUES (527, '61346cfafc13ae32c800002a', '34359983ty54stat430005a', 1, '2021-09-11 15:14:14', '2021-09-11 15:14:14');
INSERT INTO chatting.userGroup (id, user_id, group_id, is_active, created_at, modified_at) VALUES (528, '61346cfafc13ae32c800002a', '34359983ty54stat4300072', 1, '2021-09-11 15:14:14', '2021-09-11 15:14:14');
INSERT INTO chatting.userGroup (id, user_id, group_id, is_active, created_at, modified_at) VALUES (529, '61346cfafc13ae32c800002a', '34359983ty54stat4300073', 1, '2021-09-11 15:14:14', '2021-09-11 15:14:14');
INSERT INTO chatting.userGroup (id, user_id, group_id, is_active, created_at, modified_at) VALUES (530, '61346cfafc13ae32c800002a', '34359983ty54stat430006b', 1, '2021-09-11 15:14:14', '2021-09-11 15:14:14');
INSERT INTO chatting.userGroup (id, user_id, group_id, is_active, created_at, modified_at) VALUES (531, '61346cfafc13ae32c800002a', '34359983ty54stat430004f', 1, '2021-09-11 15:14:14', '2021-09-11 15:14:14');
INSERT INTO chatting.userGroup (id, user_id, group_id, is_active, created_at, modified_at) VALUES (532, '61346cfafc13ae32c800002a', '34359983ty54stat4300055', 1, '2021-09-11 15:14:14', '2021-09-11 15:14:14');
INSERT INTO chatting.userGroup (id, user_id, group_id, is_active, created_at, modified_at) VALUES (533, '61346cfafc13ae32c800002a', '34359983ty54stat4300059', 1, '2021-09-11 15:14:14', '2021-09-11 15:14:14');
INSERT INTO chatting.userGroup (id, user_id, group_id, is_active, created_at, modified_at) VALUES (534, '61346cfafc13ae32c800002a', '34359983ty54stat4300069', 1, '2021-09-11 15:14:14', '2021-09-11 15:14:14');
INSERT INTO chatting.userGroup (id, user_id, group_id, is_active, created_at, modified_at) VALUES (535, '61346cfafc13ae32c800002a', '34359983ty54stat430005f', 1, '2021-09-11 15:14:14', '2021-09-11 15:14:14');
INSERT INTO chatting.userGroup (id, user_id, group_id, is_active, created_at, modified_at) VALUES (536, '61346cfafc13ae32c800002a', '34359983ty54stat4300053', 1, '2021-09-11 15:14:14', '2021-09-11 15:14:14');
INSERT INTO chatting.userGroup (id, user_id, group_id, is_active, created_at, modified_at) VALUES (537, '61346cfafc13ae32c800002a', '34359983ty54stat4300052', 1, '2021-09-11 15:14:14', '2021-09-11 15:14:14');
INSERT INTO chatting.userGroup (id, user_id, group_id, is_active, created_at, modified_at) VALUES (538, '61346cfafc13ae32c800002a', '34359983ty54stat430005c', 1, '2021-09-11 15:14:14', '2021-09-11 15:14:14');
INSERT INTO chatting.userGroup (id, user_id, group_id, is_active, created_at, modified_at) VALUES (539, '61346cfafc13ae32c800002a', '34359983ty54stat430006c', 1, '2021-09-11 15:14:14', '2021-09-11 15:14:14');
INSERT INTO chatting.userGroup (id, user_id, group_id, is_active, created_at, modified_at) VALUES (540, '61346cfafc13ae32c800002b', '34359983ty54stat4300055', 1, '2021-09-11 15:14:14', '2021-09-11 15:14:14');
INSERT INTO chatting.userGroup (id, user_id, group_id, is_active, created_at, modified_at) VALUES (541, '61346cfafc13ae32c800002b', '34359983ty54stat430004c', 1, '2021-09-11 15:14:14', '2021-09-11 15:14:14');
INSERT INTO chatting.userGroup (id, user_id, group_id, is_active, created_at, modified_at) VALUES (542, '61346cfafc13ae32c800002b', '34359983ty54stat4300069', 1, '2021-09-11 15:14:14', '2021-09-11 15:14:14');
INSERT INTO chatting.userGroup (id, user_id, group_id, is_active, created_at, modified_at) VALUES (543, '61346cfafc13ae32c800002b', '34359983ty54stat4300046', 1, '2021-09-11 15:14:14', '2021-09-11 15:14:14');
INSERT INTO chatting.userGroup (id, user_id, group_id, is_active, created_at, modified_at) VALUES (544, '61346cfafc13ae32c800002b', '34359983ty54stat4300057', 1, '2021-09-11 15:14:14', '2021-09-11 15:14:14');
INSERT INTO chatting.userGroup (id, user_id, group_id, is_active, created_at, modified_at) VALUES (545, '61346cfafc13ae32c800002b', '34359983ty54stat4300056', 1, '2021-09-11 15:14:14', '2021-09-11 15:14:14');
INSERT INTO chatting.userGroup (id, user_id, group_id, is_active, created_at, modified_at) VALUES (546, '61346cfafc13ae32c800002b', '34359983ty54stat430006e', 1, '2021-09-11 15:14:14', '2021-09-11 15:14:14');
INSERT INTO chatting.userGroup (id, user_id, group_id, is_active, created_at, modified_at) VALUES (547, '61346cfafc13ae32c800002b', '34359983ty54stat4300048', 1, '2021-09-11 15:14:14', '2021-09-11 15:14:14');
INSERT INTO chatting.userGroup (id, user_id, group_id, is_active, created_at, modified_at) VALUES (548, '61346cfafc13ae32c800002b', '34359983ty54stat4300050', 1, '2021-09-11 15:14:14', '2021-09-11 15:14:14');
INSERT INTO chatting.userGroup (id, user_id, group_id, is_active, created_at, modified_at) VALUES (549, '61346cfafc13ae32c800002b', '34359983ty54stat430006b', 1, '2021-09-11 15:14:14', '2021-09-11 15:14:14');
INSERT INTO chatting.userGroup (id, user_id, group_id, is_active, created_at, modified_at) VALUES (550, '61346cfafc13ae32c800002b', '34359983ty54stat430005f', 1, '2021-09-11 15:14:14', '2021-09-11 15:14:14');
INSERT INTO chatting.userGroup (id, user_id, group_id, is_active, created_at, modified_at) VALUES (551, '61346cfafc13ae32c800002b', '34359983ty54stat4300047', 1, '2021-09-11 15:14:14', '2021-09-11 15:14:14');
INSERT INTO chatting.userGroup (id, user_id, group_id, is_active, created_at, modified_at) VALUES (552, '61346cfafc13ae32c800002b', '34359983ty54stat4300067', 1, '2021-09-11 15:14:14', '2021-09-11 15:14:14');
INSERT INTO chatting.userGroup (id, user_id, group_id, is_active, created_at, modified_at) VALUES (553, '61346cfafc13ae32c800002b', '34359983ty54stat430004a', 1, '2021-09-11 15:14:14', '2021-09-11 15:14:14');
INSERT INTO chatting.userGroup (id, user_id, group_id, is_active, created_at, modified_at) VALUES (554, '61346cfafc13ae32c800002b', '34359983ty54stat4300061', 1, '2021-09-11 15:14:14', '2021-09-11 15:14:14');
INSERT INTO chatting.userGroup (id, user_id, group_id, is_active, created_at, modified_at) VALUES (555, '61346cfafc13ae32c800002b', '34359983ty54stat4300073', 1, '2021-09-11 15:14:14', '2021-09-11 15:14:14');
INSERT INTO chatting.userGroup (id, user_id, group_id, is_active, created_at, modified_at) VALUES (556, '61346cfafc13ae32c800002b', '34359983ty54stat4300071', 1, '2021-09-11 15:14:14', '2021-09-11 15:14:14');
INSERT INTO chatting.userGroup (id, user_id, group_id, is_active, created_at, modified_at) VALUES (557, '61346cfafc13ae32c800002b', '34359983ty54stat430006a', 1, '2021-09-11 15:14:14', '2021-09-11 15:14:14');
INSERT INTO chatting.userGroup (id, user_id, group_id, is_active, created_at, modified_at) VALUES (558, '61346cfafc13ae32c800002c', '34359983ty54stat4300058', 1, '2021-09-11 15:14:14', '2021-09-11 15:14:14');
INSERT INTO chatting.userGroup (id, user_id, group_id, is_active, created_at, modified_at) VALUES (559, '61346cfafc13ae32c800002c', '34359983ty54stat4300066', 1, '2021-09-11 15:14:14', '2021-09-11 15:14:14');
INSERT INTO chatting.userGroup (id, user_id, group_id, is_active, created_at, modified_at) VALUES (560, '61346cfafc13ae32c800002c', '34359983ty54stat4300068', 1, '2021-09-11 15:14:14', '2021-09-11 15:14:14');
INSERT INTO chatting.userGroup (id, user_id, group_id, is_active, created_at, modified_at) VALUES (561, '61346cfafc13ae32c800002c', '34359983ty54stat4300074', 1, '2021-09-11 15:14:14', '2021-09-11 15:14:14');
INSERT INTO chatting.userGroup (id, user_id, group_id, is_active, created_at, modified_at) VALUES (562, '61346cfafc13ae32c800002c', '34359983ty54stat4300051', 1, '2021-09-11 15:14:14', '2021-09-11 15:14:14');
INSERT INTO chatting.userGroup (id, user_id, group_id, is_active, created_at, modified_at) VALUES (563, '61346cfafc13ae32c800002c', '34359983ty54stat430004b', 1, '2021-09-11 15:14:14', '2021-09-11 15:14:14');
INSERT INTO chatting.userGroup (id, user_id, group_id, is_active, created_at, modified_at) VALUES (564, '61346cfafc13ae32c800002c', '34359983ty54stat430006f', 1, '2021-09-11 15:14:14', '2021-09-11 15:14:14');
INSERT INTO chatting.userGroup (id, user_id, group_id, is_active, created_at, modified_at) VALUES (565, '61346cfafc13ae32c800002c', '34359983ty54stat4300070', 1, '2021-09-11 15:14:14', '2021-09-11 15:14:14');
INSERT INTO chatting.userGroup (id, user_id, group_id, is_active, created_at, modified_at) VALUES (566, '61346cfafc13ae32c800002c', '34359983ty54stat430006e', 1, '2021-09-11 15:14:14', '2021-09-11 15:14:14');
INSERT INTO chatting.userGroup (id, user_id, group_id, is_active, created_at, modified_at) VALUES (567, '61346cfafc13ae32c800002c', '34359983ty54stat430006b', 1, '2021-09-11 15:14:14', '2021-09-11 15:14:14');
INSERT INTO chatting.userGroup (id, user_id, group_id, is_active, created_at, modified_at) VALUES (568, '61346cfafc13ae32c800002c', '34359983ty54stat4300049', 1, '2021-09-11 15:14:14', '2021-09-11 15:14:14');
INSERT INTO chatting.userGroup (id, user_id, group_id, is_active, created_at, modified_at) VALUES (569, '61346cfafc13ae32c800002c', '34359983ty54stat430005c', 1, '2021-09-11 15:14:14', '2021-09-11 15:14:14');
INSERT INTO chatting.userGroup (id, user_id, group_id, is_active, created_at, modified_at) VALUES (570, '61346cfafc13ae32c800002c', '34359983ty54stat4300076', 1, '2021-09-11 15:14:14', '2021-09-11 15:14:14');
INSERT INTO chatting.userGroup (id, user_id, group_id, is_active, created_at, modified_at) VALUES (571, '61346cfafc13ae32c800002c', '34359983ty54stat4300060', 1, '2021-09-11 15:14:14', '2021-09-11 15:14:14');
INSERT INTO chatting.userGroup (id, user_id, group_id, is_active, created_at, modified_at) VALUES (572, '61346cfafc13ae32c800002d', '34359983ty54stat4300059', 1, '2021-09-11 15:14:14', '2021-09-11 15:14:14');
INSERT INTO chatting.userGroup (id, user_id, group_id, is_active, created_at, modified_at) VALUES (573, '61346cfafc13ae32c800002d', '34359983ty54stat4300047', 1, '2021-09-11 15:14:14', '2021-09-11 15:14:14');
INSERT INTO chatting.userGroup (id, user_id, group_id, is_active, created_at, modified_at) VALUES (574, '61346cfafc13ae32c800002d', '34359983ty54stat430006a', 1, '2021-09-11 15:14:14', '2021-09-11 15:14:14');
INSERT INTO chatting.userGroup (id, user_id, group_id, is_active, created_at, modified_at) VALUES (575, '61346cfafc13ae32c800002d', '34359983ty54stat4300062', 1, '2021-09-11 15:14:14', '2021-09-11 15:14:14');
INSERT INTO chatting.userGroup (id, user_id, group_id, is_active, created_at, modified_at) VALUES (576, '61346cfafc13ae32c800002d', '34359983ty54stat4300070', 1, '2021-09-11 15:14:14', '2021-09-11 15:14:14');
INSERT INTO chatting.userGroup (id, user_id, group_id, is_active, created_at, modified_at) VALUES (577, '61346cfafc13ae32c800002d', '34359983ty54stat4300053', 1, '2021-09-11 15:14:14', '2021-09-11 15:14:14');
INSERT INTO chatting.userGroup (id, user_id, group_id, is_active, created_at, modified_at) VALUES (578, '61346cfafc13ae32c800002d', '34359983ty54stat4300071', 1, '2021-09-11 15:14:14', '2021-09-11 15:14:14');
INSERT INTO chatting.userGroup (id, user_id, group_id, is_active, created_at, modified_at) VALUES (579, '61346cfafc13ae32c800002d', '34359983ty54stat4300057', 1, '2021-09-11 15:14:14', '2021-09-11 15:14:14');
INSERT INTO chatting.userGroup (id, user_id, group_id, is_active, created_at, modified_at) VALUES (580, '61346cfafc13ae32c800002d', '34359983ty54stat430005b', 1, '2021-09-11 15:14:14', '2021-09-11 15:14:14');
INSERT INTO chatting.userGroup (id, user_id, group_id, is_active, created_at, modified_at) VALUES (581, '61346cfafc13ae32c800002d', '34359983ty54stat4300051', 1, '2021-09-11 15:14:14', '2021-09-11 15:14:14');
INSERT INTO chatting.userGroup (id, user_id, group_id, is_active, created_at, modified_at) VALUES (582, '61346cfafc13ae32c800002d', '34359983ty54stat4300075', 1, '2021-09-11 15:14:14', '2021-09-11 15:14:14');
INSERT INTO chatting.userGroup (id, user_id, group_id, is_active, created_at, modified_at) VALUES (583, '61346cfafc13ae32c800002d', '34359983ty54stat4300049', 1, '2021-09-11 15:14:14', '2021-09-11 15:14:14');
INSERT INTO chatting.userGroup (id, user_id, group_id, is_active, created_at, modified_at) VALUES (584, '61346cfafc13ae32c800002d', '34359983ty54stat430005f', 1, '2021-09-11 15:14:14', '2021-09-11 15:14:14');
INSERT INTO chatting.userGroup (id, user_id, group_id, is_active, created_at, modified_at) VALUES (585, '61346cfafc13ae32c800002d', '34359983ty54stat4300066', 1, '2021-09-11 15:14:14', '2021-09-11 15:14:14');
INSERT INTO chatting.userGroup (id, user_id, group_id, is_active, created_at, modified_at) VALUES (586, '61346cfafc13ae32c800002d', '34359983ty54stat430005d', 1, '2021-09-11 15:14:14', '2021-09-11 15:14:14');
INSERT INTO chatting.userGroup (id, user_id, group_id, is_active, created_at, modified_at) VALUES (587, '61346cfafc13ae32c800002d', '34359983ty54stat4300077', 1, '2021-09-11 15:14:14', '2021-09-11 15:14:14');
INSERT INTO chatting.userGroup (id, user_id, group_id, is_active, created_at, modified_at) VALUES (588, '61346cfafc13ae32c800002d', '34359983ty54stat4300050', 1, '2021-09-11 15:14:14', '2021-09-11 15:14:14');
INSERT INTO chatting.userGroup (id, user_id, group_id, is_active, created_at, modified_at) VALUES (589, '61346cfafc13ae32c800002d', '34359983ty54stat4300074', 1, '2021-09-11 15:14:14', '2021-09-11 15:14:14');
INSERT INTO chatting.userGroup (id, user_id, group_id, is_active, created_at, modified_at) VALUES (590, '61346cfafc13ae32c800002e', '34359983ty54stat4300047', 1, '2021-09-11 15:14:14', '2021-09-11 15:14:14');
INSERT INTO chatting.userGroup (id, user_id, group_id, is_active, created_at, modified_at) VALUES (591, '61346cfafc13ae32c800002e', '34359983ty54stat430004a', 1, '2021-09-11 15:14:14', '2021-09-11 15:14:14');
INSERT INTO chatting.userGroup (id, user_id, group_id, is_active, created_at, modified_at) VALUES (592, '61346cfafc13ae32c800002e', '34359983ty54stat4300061', 1, '2021-09-11 15:14:14', '2021-09-11 15:14:14');
INSERT INTO chatting.userGroup (id, user_id, group_id, is_active, created_at, modified_at) VALUES (593, '61346cfafc13ae32c800002e', '34359983ty54stat430004e', 1, '2021-09-11 15:14:14', '2021-09-11 15:14:14');
INSERT INTO chatting.userGroup (id, user_id, group_id, is_active, created_at, modified_at) VALUES (594, '61346cfafc13ae32c800002e', '34359983ty54stat4300071', 1, '2021-09-11 15:14:14', '2021-09-11 15:14:14');
INSERT INTO chatting.userGroup (id, user_id, group_id, is_active, created_at, modified_at) VALUES (595, '61346cfafc13ae32c800002e', '34359983ty54stat4300077', 1, '2021-09-11 15:14:14', '2021-09-11 15:14:14');
INSERT INTO chatting.userGroup (id, user_id, group_id, is_active, created_at, modified_at) VALUES (596, '61346cfafc13ae32c800002e', '34359983ty54stat430006c', 1, '2021-09-11 15:14:14', '2021-09-11 15:14:14');
INSERT INTO chatting.userGroup (id, user_id, group_id, is_active, created_at, modified_at) VALUES (597, '61346cfafc13ae32c800002e', '34359983ty54stat4300049', 1, '2021-09-11 15:14:14', '2021-09-11 15:14:14');
INSERT INTO chatting.userGroup (id, user_id, group_id, is_active, created_at, modified_at) VALUES (598, '61346cfafc13ae32c800002e', '34359983ty54stat4300076', 1, '2021-09-11 15:14:14', '2021-09-11 15:14:14');
INSERT INTO chatting.userGroup (id, user_id, group_id, is_active, created_at, modified_at) VALUES (599, '61346cfafc13ae32c800002e', '34359983ty54stat4300051', 1, '2021-09-11 15:14:14', '2021-09-11 15:14:14');
INSERT INTO chatting.userGroup (id, user_id, group_id, is_active, created_at, modified_at) VALUES (600, '61346cfafc13ae32c800002e', '34359983ty54stat430005e', 1, '2021-09-11 15:14:14', '2021-09-11 15:14:14');
INSERT INTO chatting.userGroup (id, user_id, group_id, is_active, created_at, modified_at) VALUES (601, '61346cfafc13ae32c800002e', '34359983ty54stat430006e', 1, '2021-09-11 15:14:14', '2021-09-11 15:14:14');
INSERT INTO chatting.userGroup (id, user_id, group_id, is_active, created_at, modified_at) VALUES (602, '61346cfafc13ae32c800002e', '34359983ty54stat4300070', 1, '2021-09-11 15:14:14', '2021-09-11 15:14:14');
INSERT INTO chatting.userGroup (id, user_id, group_id, is_active, created_at, modified_at) VALUES (603, '61346cfafc13ae32c800002e', '34359983ty54stat4300059', 1, '2021-09-11 15:14:14', '2021-09-11 15:14:14');
INSERT INTO chatting.userGroup (id, user_id, group_id, is_active, created_at, modified_at) VALUES (604, '61346cfafc13ae32c800002e', '34359983ty54stat430006f', 1, '2021-09-11 15:14:14', '2021-09-11 15:14:14');
INSERT INTO chatting.userGroup (id, user_id, group_id, is_active, created_at, modified_at) VALUES (605, '61346cfafc13ae32c800002e', '34359983ty54stat430006d', 1, '2021-09-11 15:14:14', '2021-09-11 15:14:14');
INSERT INTO chatting.userGroup (id, user_id, group_id, is_active, created_at, modified_at) VALUES (606, '61346cfafc13ae32c800002e', '34359983ty54stat430006a', 1, '2021-09-11 15:14:14', '2021-09-11 15:14:14');
INSERT INTO chatting.userGroup (id, user_id, group_id, is_active, created_at, modified_at) VALUES (607, '61346cfafc13ae32c800002e', '34359983ty54stat4300067', 1, '2021-09-11 15:14:14', '2021-09-11 15:14:14');
INSERT INTO chatting.userGroup (id, user_id, group_id, is_active, created_at, modified_at) VALUES (608, '61346cfafc13ae32c800002e', '34359983ty54stat430006b', 1, '2021-09-11 15:14:14', '2021-09-11 15:14:14');
INSERT INTO chatting.userGroup (id, user_id, group_id, is_active, created_at, modified_at) VALUES (609, '61346cfafc13ae32c800002f', '34359983ty54stat430004b', 1, '2021-09-11 15:14:14', '2021-09-11 15:14:14');
INSERT INTO chatting.userGroup (id, user_id, group_id, is_active, created_at, modified_at) VALUES (610, '61346cfafc13ae32c800002f', '34359983ty54stat430005a', 1, '2021-09-11 15:14:14', '2021-09-11 15:14:14');
INSERT INTO chatting.userGroup (id, user_id, group_id, is_active, created_at, modified_at) VALUES (611, '61346cfafc13ae32c800002f', '34359983ty54stat4300047', 1, '2021-09-11 15:14:14', '2021-09-11 15:14:14');
INSERT INTO chatting.userGroup (id, user_id, group_id, is_active, created_at, modified_at) VALUES (612, '61346cfafc13ae32c800002f', '34359983ty54stat4300060', 1, '2021-09-11 15:14:14', '2021-09-11 15:14:14');
INSERT INTO chatting.userGroup (id, user_id, group_id, is_active, created_at, modified_at) VALUES (613, '61346cfafc13ae32c800002f', '34359983ty54stat430006a', 1, '2021-09-11 15:14:14', '2021-09-11 15:14:14');
INSERT INTO chatting.userGroup (id, user_id, group_id, is_active, created_at, modified_at) VALUES (614, '61346cfafc13ae32c800002f', '34359983ty54stat4300073', 1, '2021-09-11 15:14:14', '2021-09-11 15:14:14');
INSERT INTO chatting.userGroup (id, user_id, group_id, is_active, created_at, modified_at) VALUES (615, '61346cfafc13ae32c800002f', '34359983ty54stat4300065', 1, '2021-09-11 15:14:14', '2021-09-11 15:14:14');
INSERT INTO chatting.userGroup (id, user_id, group_id, is_active, created_at, modified_at) VALUES (616, '61346cfafc13ae32c800002f', '34359983ty54stat4300077', 1, '2021-09-11 15:14:14', '2021-09-11 15:14:14');
INSERT INTO chatting.userGroup (id, user_id, group_id, is_active, created_at, modified_at) VALUES (617, '61346cfafc13ae32c800002f', '34359983ty54stat4300058', 1, '2021-09-11 15:14:14', '2021-09-11 15:14:14');
INSERT INTO chatting.userGroup (id, user_id, group_id, is_active, created_at, modified_at) VALUES (618, '61346cfafc13ae32c800002f', '34359983ty54stat4300053', 1, '2021-09-11 15:14:14', '2021-09-11 15:14:14');
INSERT INTO chatting.userGroup (id, user_id, group_id, is_active, created_at, modified_at) VALUES (619, '61346cfafc13ae32c800002f', '34359983ty54stat4300063', 1, '2021-09-11 15:14:14', '2021-09-11 15:14:14');
INSERT INTO chatting.userGroup (id, user_id, group_id, is_active, created_at, modified_at) VALUES (620, '61346cfafc13ae32c800002f', '34359983ty54stat430006b', 1, '2021-09-11 15:14:14', '2021-09-11 15:14:14');
INSERT INTO chatting.userGroup (id, user_id, group_id, is_active, created_at, modified_at) VALUES (621, '61346cfafc13ae32c800002f', '34359983ty54stat4300066', 1, '2021-09-11 15:14:14', '2021-09-11 15:14:14');
INSERT INTO chatting.userGroup (id, user_id, group_id, is_active, created_at, modified_at) VALUES (622, '61346cfafc13ae32c800002f', '34359983ty54stat4300049', 1, '2021-09-11 15:14:14', '2021-09-11 15:14:14');
INSERT INTO chatting.userGroup (id, user_id, group_id, is_active, created_at, modified_at) VALUES (623, '61346cfafc13ae32c8000030', '34359983ty54stat4300046', 1, '2021-09-11 15:14:14', '2021-09-11 15:14:14');
INSERT INTO chatting.userGroup (id, user_id, group_id, is_active, created_at, modified_at) VALUES (624, '61346cfafc13ae32c8000030', '34359983ty54stat430006c', 1, '2021-09-11 15:14:14', '2021-09-11 15:14:14');
INSERT INTO chatting.userGroup (id, user_id, group_id, is_active, created_at, modified_at) VALUES (625, '61346cfafc13ae32c8000030', '34359983ty54stat4300058', 1, '2021-09-11 15:14:14', '2021-09-11 15:14:14');
INSERT INTO chatting.userGroup (id, user_id, group_id, is_active, created_at, modified_at) VALUES (626, '61346cfafc13ae32c8000030', '34359983ty54stat4300054', 1, '2021-09-11 15:14:14', '2021-09-11 15:14:14');
INSERT INTO chatting.userGroup (id, user_id, group_id, is_active, created_at, modified_at) VALUES (627, '61346cfafc13ae32c8000030', '34359983ty54stat4300057', 1, '2021-09-11 15:14:14', '2021-09-11 15:14:14');
INSERT INTO chatting.userGroup (id, user_id, group_id, is_active, created_at, modified_at) VALUES (628, '61346cfafc13ae32c8000030', '34359983ty54stat430004f', 1, '2021-09-11 15:14:14', '2021-09-11 15:14:14');
INSERT INTO chatting.userGroup (id, user_id, group_id, is_active, created_at, modified_at) VALUES (629, '61346cfafc13ae32c8000030', '34359983ty54stat4300067', 1, '2021-09-11 15:14:14', '2021-09-11 15:14:14');
INSERT INTO chatting.userGroup (id, user_id, group_id, is_active, created_at, modified_at) VALUES (630, '61346cfafc13ae32c8000030', '34359983ty54stat4300072', 1, '2021-09-11 15:14:14', '2021-09-11 15:14:14');
INSERT INTO chatting.userGroup (id, user_id, group_id, is_active, created_at, modified_at) VALUES (631, '61346cfafc13ae32c8000030', '34359983ty54stat4300053', 1, '2021-09-11 15:14:14', '2021-09-11 15:14:14');
INSERT INTO chatting.userGroup (id, user_id, group_id, is_active, created_at, modified_at) VALUES (632, '61346cfafc13ae32c8000030', '34359983ty54stat430004e', 1, '2021-09-11 15:14:14', '2021-09-11 15:14:14');
INSERT INTO chatting.userGroup (id, user_id, group_id, is_active, created_at, modified_at) VALUES (633, '61346cfafc13ae32c8000030', '34359983ty54stat4300055', 1, '2021-09-11 15:14:14', '2021-09-11 15:14:14');
INSERT INTO chatting.userGroup (id, user_id, group_id, is_active, created_at, modified_at) VALUES (634, '61346cfafc13ae32c8000030', '34359983ty54stat4300059', 1, '2021-09-11 15:14:14', '2021-09-11 15:14:14');
INSERT INTO chatting.userGroup (id, user_id, group_id, is_active, created_at, modified_at) VALUES (635, '61346cfafc13ae32c8000030', '34359983ty54stat430004a', 1, '2021-09-11 15:14:14', '2021-09-11 15:14:14');
INSERT INTO chatting.userGroup (id, user_id, group_id, is_active, created_at, modified_at) VALUES (636, '61346cfafc13ae32c8000030', '34359983ty54stat430006d', 1, '2021-09-11 15:14:14', '2021-09-11 15:14:14');
INSERT INTO chatting.userGroup (id, user_id, group_id, is_active, created_at, modified_at) VALUES (637, '61346cfafc13ae32c8000030', '34359983ty54stat4300049', 1, '2021-09-11 15:14:14', '2021-09-11 15:14:14');
INSERT INTO chatting.userGroup (id, user_id, group_id, is_active, created_at, modified_at) VALUES (638, '61346cfafc13ae32c8000030', '34359983ty54stat4300050', 1, '2021-09-11 15:14:14', '2021-09-11 15:14:14');
INSERT INTO chatting.userGroup (id, user_id, group_id, is_active, created_at, modified_at) VALUES (639, '61346cfafc13ae32c8000030', '34359983ty54stat430004d', 1, '2021-09-11 15:14:14', '2021-09-11 15:14:14');
INSERT INTO chatting.userGroup (id, user_id, group_id, is_active, created_at, modified_at) VALUES (640, '61346cfafc13ae32c8000030', '34359983ty54stat4300064', 1, '2021-09-11 15:14:14', '2021-09-11 15:14:14');
INSERT INTO chatting.userGroup (id, user_id, group_id, is_active, created_at, modified_at) VALUES (641, '61346cfafc13ae32c8000030', '34359983ty54stat4300061', 1, '2021-09-11 15:14:14', '2021-09-11 15:14:14');
INSERT INTO chatting.userGroup (id, user_id, group_id, is_active, created_at, modified_at) VALUES (642, '61346cfafc13ae32c8000030', '34359983ty54stat4300068', 1, '2021-09-11 15:14:14', '2021-09-11 15:14:14');
INSERT INTO chatting.userGroup (id, user_id, group_id, is_active, created_at, modified_at) VALUES (643, '61346cfafc13ae32c8000031', '34359983ty54stat4300046', 1, '2021-09-11 15:14:14', '2021-09-11 15:14:14');
INSERT INTO chatting.userGroup (id, user_id, group_id, is_active, created_at, modified_at) VALUES (644, '61346cfafc13ae32c8000031', '34359983ty54stat4300047', 1, '2021-09-11 15:14:14', '2021-09-11 15:14:14');
INSERT INTO chatting.userGroup (id, user_id, group_id, is_active, created_at, modified_at) VALUES (645, '61346cfafc13ae32c8000031', '34359983ty54stat4300067', 1, '2021-09-11 15:14:14', '2021-09-11 15:14:14');
INSERT INTO chatting.userGroup (id, user_id, group_id, is_active, created_at, modified_at) VALUES (646, '61346cfafc13ae32c8000031', '34359983ty54stat4300066', 1, '2021-09-11 15:14:14', '2021-09-11 15:14:14');
INSERT INTO chatting.userGroup (id, user_id, group_id, is_active, created_at, modified_at) VALUES (647, '61346cfafc13ae32c8000031', '34359983ty54stat4300070', 1, '2021-09-11 15:14:14', '2021-09-11 15:14:14');
INSERT INTO chatting.userGroup (id, user_id, group_id, is_active, created_at, modified_at) VALUES (648, '61346cfafc13ae32c8000031', '34359983ty54stat430005d', 1, '2021-09-11 15:14:14', '2021-09-11 15:14:14');
INSERT INTO chatting.userGroup (id, user_id, group_id, is_active, created_at, modified_at) VALUES (649, '61346cfafc13ae32c8000031', '34359983ty54stat4300073', 1, '2021-09-11 15:14:14', '2021-09-11 15:14:14');
INSERT INTO chatting.userGroup (id, user_id, group_id, is_active, created_at, modified_at) VALUES (650, '61346cfafc13ae32c8000031', '34359983ty54stat4300059', 1, '2021-09-11 15:14:14', '2021-09-11 15:14:14');
INSERT INTO chatting.userGroup (id, user_id, group_id, is_active, created_at, modified_at) VALUES (651, '61346cfafc13ae32c8000031', '34359983ty54stat430006f', 1, '2021-09-11 15:14:14', '2021-09-11 15:14:14');
INSERT INTO chatting.userGroup (id, user_id, group_id, is_active, created_at, modified_at) VALUES (652, '61346cfafc13ae32c8000031', '34359983ty54stat430004a', 1, '2021-09-11 15:14:14', '2021-09-11 15:14:14');
INSERT INTO chatting.userGroup (id, user_id, group_id, is_active, created_at, modified_at) VALUES (653, '61346cfafc13ae32c8000031', '34359983ty54stat430004d', 1, '2021-09-11 15:14:14', '2021-09-11 15:14:14');
INSERT INTO chatting.userGroup (id, user_id, group_id, is_active, created_at, modified_at) VALUES (654, '61346cfafc13ae32c8000031', '34359983ty54stat430005a', 1, '2021-09-11 15:14:14', '2021-09-11 15:14:14');
INSERT INTO chatting.userGroup (id, user_id, group_id, is_active, created_at, modified_at) VALUES (655, '61346cfafc13ae32c8000031', '34359983ty54stat4300062', 1, '2021-09-11 15:14:14', '2021-09-11 15:14:14');
INSERT INTO chatting.userGroup (id, user_id, group_id, is_active, created_at, modified_at) VALUES (656, '61346cfafc13ae32c8000031', '34359983ty54stat4300058', 1, '2021-09-11 15:14:14', '2021-09-11 15:14:14');
INSERT INTO chatting.userGroup (id, user_id, group_id, is_active, created_at, modified_at) VALUES (657, '61346cfafc13ae32c8000031', '34359983ty54stat430006b', 1, '2021-09-11 15:14:14', '2021-09-11 15:14:14');
INSERT INTO chatting.userGroup (id, user_id, group_id, is_active, created_at, modified_at) VALUES (658, '61346cfafc13ae32c8000031', '34359983ty54stat4300056', 1, '2021-09-11 15:14:14', '2021-09-11 15:14:14');
INSERT INTO chatting.userGroup (id, user_id, group_id, is_active, created_at, modified_at) VALUES (659, '61346cfafc13ae32c8000031', '34359983ty54stat4300053', 1, '2021-09-11 15:14:14', '2021-09-11 15:14:14');
INSERT INTO chatting.userGroup (id, user_id, group_id, is_active, created_at, modified_at) VALUES (660, '61346cfafc13ae32c8000031', '34359983ty54stat4300052', 1, '2021-09-11 15:14:14', '2021-09-11 15:14:14');
INSERT INTO chatting.userGroup (id, user_id, group_id, is_active, created_at, modified_at) VALUES (661, '61346cfafc13ae32c8000031', '34359983ty54stat430004f', 1, '2021-09-11 15:14:14', '2021-09-11 15:14:14');
INSERT INTO chatting.userGroup (id, user_id, group_id, is_active, created_at, modified_at) VALUES (662, '61346cfafc13ae32c8000031', '34359983ty54stat430004c', 1, '2021-09-11 15:14:14', '2021-09-11 15:14:14');
INSERT INTO chatting.userGroup (id, user_id, group_id, is_active, created_at, modified_at) VALUES (663, '61346cfafc13ae32c8000032', '34359983ty54stat4300049', 1, '2021-09-11 15:14:14', '2021-09-11 15:14:14');
INSERT INTO chatting.userGroup (id, user_id, group_id, is_active, created_at, modified_at) VALUES (664, '61346cfafc13ae32c8000032', '34359983ty54stat430005d', 1, '2021-09-11 15:14:14', '2021-09-11 15:14:14');
INSERT INTO chatting.userGroup (id, user_id, group_id, is_active, created_at, modified_at) VALUES (665, '61346cfafc13ae32c8000032', '34359983ty54stat4300055', 1, '2021-09-11 15:14:14', '2021-09-11 15:14:14');
INSERT INTO chatting.userGroup (id, user_id, group_id, is_active, created_at, modified_at) VALUES (666, '61346cfafc13ae32c8000032', '34359983ty54stat4300073', 1, '2021-09-11 15:14:14', '2021-09-11 15:14:14');
INSERT INTO chatting.userGroup (id, user_id, group_id, is_active, created_at, modified_at) VALUES (667, '61346cfafc13ae32c8000032', '34359983ty54stat4300052', 1, '2021-09-11 15:14:14', '2021-09-11 15:14:14');
INSERT INTO chatting.userGroup (id, user_id, group_id, is_active, created_at, modified_at) VALUES (668, '61346cfafc13ae32c8000032', '34359983ty54stat4300069', 1, '2021-09-11 15:14:14', '2021-09-11 15:14:14');
INSERT INTO chatting.userGroup (id, user_id, group_id, is_active, created_at, modified_at) VALUES (669, '61346cfafc13ae32c8000032', '34359983ty54stat4300070', 1, '2021-09-11 15:14:14', '2021-09-11 15:14:14');
INSERT INTO chatting.userGroup (id, user_id, group_id, is_active, created_at, modified_at) VALUES (670, '61346cfafc13ae32c8000032', '34359983ty54stat430004c', 1, '2021-09-11 15:14:14', '2021-09-11 15:14:14');
INSERT INTO chatting.userGroup (id, user_id, group_id, is_active, created_at, modified_at) VALUES (671, '61346cfafc13ae32c8000032', '34359983ty54stat4300048', 1, '2021-09-11 15:14:14', '2021-09-11 15:14:14');
INSERT INTO chatting.userGroup (id, user_id, group_id, is_active, created_at, modified_at) VALUES (672, '61346cfafc13ae32c8000032', '34359983ty54stat430005f', 1, '2021-09-11 15:14:14', '2021-09-11 15:14:14');
INSERT INTO chatting.userGroup (id, user_id, group_id, is_active, created_at, modified_at) VALUES (673, '61346cfafc13ae32c8000032', '34359983ty54stat430005b', 1, '2021-09-11 15:14:14', '2021-09-11 15:14:14');
INSERT INTO chatting.userGroup (id, user_id, group_id, is_active, created_at, modified_at) VALUES (674, '61346cfafc13ae32c8000032', '34359983ty54stat430004b', 1, '2021-09-11 15:14:14', '2021-09-11 15:14:14');
INSERT INTO chatting.userGroup (id, user_id, group_id, is_active, created_at, modified_at) VALUES (675, '61346cfafc13ae32c8000032', '34359983ty54stat4300059', 1, '2021-09-11 15:14:14', '2021-09-11 15:14:14');
INSERT INTO chatting.userGroup (id, user_id, group_id, is_active, created_at, modified_at) VALUES (676, '61346cfafc13ae32c8000032', '34359983ty54stat4300058', 1, '2021-09-11 15:14:14', '2021-09-11 15:14:14');
INSERT INTO chatting.userGroup (id, user_id, group_id, is_active, created_at, modified_at) VALUES (677, '61346cfafc13ae32c8000033', '34359983ty54stat430004e', 1, '2021-09-11 15:14:14', '2021-09-11 15:14:14');
INSERT INTO chatting.userGroup (id, user_id, group_id, is_active, created_at, modified_at) VALUES (678, '61346cfafc13ae32c8000033', '34359983ty54stat4300060', 1, '2021-09-11 15:14:14', '2021-09-11 15:14:14');
INSERT INTO chatting.userGroup (id, user_id, group_id, is_active, created_at, modified_at) VALUES (679, '61346cfafc13ae32c8000033', '34359983ty54stat4300068', 1, '2021-09-11 15:14:14', '2021-09-11 15:14:14');
INSERT INTO chatting.userGroup (id, user_id, group_id, is_active, created_at, modified_at) VALUES (680, '61346cfafc13ae32c8000033', '34359983ty54stat430005f', 1, '2021-09-11 15:14:14', '2021-09-11 15:14:14');
INSERT INTO chatting.userGroup (id, user_id, group_id, is_active, created_at, modified_at) VALUES (681, '61346cfafc13ae32c8000033', '34359983ty54stat4300061', 1, '2021-09-11 15:14:14', '2021-09-11 15:14:14');
INSERT INTO chatting.userGroup (id, user_id, group_id, is_active, created_at, modified_at) VALUES (682, '61346cfafc13ae32c8000033', '34359983ty54stat430004f', 1, '2021-09-11 15:14:14', '2021-09-11 15:14:14');
INSERT INTO chatting.userGroup (id, user_id, group_id, is_active, created_at, modified_at) VALUES (683, '61346cfafc13ae32c8000033', '34359983ty54stat430004a', 1, '2021-09-11 15:14:14', '2021-09-11 15:14:14');
INSERT INTO chatting.userGroup (id, user_id, group_id, is_active, created_at, modified_at) VALUES (684, '61346cfafc13ae32c8000033', '34359983ty54stat4300055', 1, '2021-09-11 15:14:14', '2021-09-11 15:14:14');
INSERT INTO chatting.userGroup (id, user_id, group_id, is_active, created_at, modified_at) VALUES (685, '61346cfafc13ae32c8000033', '34359983ty54stat4300070', 1, '2021-09-11 15:14:14', '2021-09-11 15:14:14');
INSERT INTO chatting.userGroup (id, user_id, group_id, is_active, created_at, modified_at) VALUES (686, '61346cfafc13ae32c8000033', '34359983ty54stat430006f', 1, '2021-09-11 15:14:14', '2021-09-11 15:14:14');
INSERT INTO chatting.userGroup (id, user_id, group_id, is_active, created_at, modified_at) VALUES (687, '61346cfafc13ae32c8000033', '34359983ty54stat4300059', 1, '2021-09-11 15:14:14', '2021-09-11 15:14:14');
INSERT INTO chatting.userGroup (id, user_id, group_id, is_active, created_at, modified_at) VALUES (688, '61346cfafc13ae32c8000033', '34359983ty54stat4300074', 1, '2021-09-11 15:14:14', '2021-09-11 15:14:14');
INSERT INTO chatting.userGroup (id, user_id, group_id, is_active, created_at, modified_at) VALUES (689, '61346cfafc13ae32c8000033', '34359983ty54stat4300050', 1, '2021-09-11 15:14:14', '2021-09-11 15:14:14');
INSERT INTO chatting.userGroup (id, user_id, group_id, is_active, created_at, modified_at) VALUES (690, '61346cfafc13ae32c8000033', '34359983ty54stat4300062', 1, '2021-09-11 15:14:14', '2021-09-11 15:14:14');
INSERT INTO chatting.userGroup (id, user_id, group_id, is_active, created_at, modified_at) VALUES (691, '61346cfafc13ae32c8000033', '34359983ty54stat4300072', 1, '2021-09-11 15:14:14', '2021-09-11 15:14:14');
INSERT INTO chatting.userGroup (id, user_id, group_id, is_active, created_at, modified_at) VALUES (692, '61346cfafc13ae32c8000033', '34359983ty54stat4300067', 1, '2021-09-11 15:14:14', '2021-09-11 15:14:14');
INSERT INTO chatting.userGroup (id, user_id, group_id, is_active, created_at, modified_at) VALUES (693, '61346cfafc13ae32c8000033', '34359983ty54stat4300047', 1, '2021-09-11 15:14:14', '2021-09-11 15:14:14');
INSERT INTO chatting.userGroup (id, user_id, group_id, is_active, created_at, modified_at) VALUES (694, '61346cfafc13ae32c8000033', '34359983ty54stat4300073', 1, '2021-09-11 15:14:14', '2021-09-11 15:14:14');
INSERT INTO chatting.userGroup (id, user_id, group_id, is_active, created_at, modified_at) VALUES (695, '61346cfafc13ae32c8000033', '34359983ty54stat4300066', 1, '2021-09-11 15:14:14', '2021-09-11 15:14:14');
INSERT INTO chatting.userGroup (id, user_id, group_id, is_active, created_at, modified_at) VALUES (696, '61346cfafc13ae32c8000034', '34359983ty54stat4300072', 1, '2021-09-11 15:14:14', '2021-09-11 15:14:14');
INSERT INTO chatting.userGroup (id, user_id, group_id, is_active, created_at, modified_at) VALUES (697, '61346cfafc13ae32c8000034', '34359983ty54stat4300053', 1, '2021-09-11 15:14:14', '2021-09-11 15:14:14');
INSERT INTO chatting.userGroup (id, user_id, group_id, is_active, created_at, modified_at) VALUES (698, '61346cfafc13ae32c8000034', '34359983ty54stat430004b', 1, '2021-09-11 15:14:14', '2021-09-11 15:14:14');
INSERT INTO chatting.userGroup (id, user_id, group_id, is_active, created_at, modified_at) VALUES (699, '61346cfafc13ae32c8000034', '34359983ty54stat4300071', 1, '2021-09-11 15:14:14', '2021-09-11 15:14:14');
INSERT INTO chatting.userGroup (id, user_id, group_id, is_active, created_at, modified_at) VALUES (700, '61346cfafc13ae32c8000034', '34359983ty54stat430005a', 1, '2021-09-11 15:14:14', '2021-09-11 15:14:14');
INSERT INTO chatting.userGroup (id, user_id, group_id, is_active, created_at, modified_at) VALUES (701, '61346cfafc13ae32c8000034', '34359983ty54stat4300051', 1, '2021-09-11 15:14:14', '2021-09-11 15:14:14');
INSERT INTO chatting.userGroup (id, user_id, group_id, is_active, created_at, modified_at) VALUES (702, '61346cfafc13ae32c8000034', '34359983ty54stat4300076', 1, '2021-09-11 15:14:14', '2021-09-11 15:14:14');
INSERT INTO chatting.userGroup (id, user_id, group_id, is_active, created_at, modified_at) VALUES (703, '61346cfafc13ae32c8000034', '34359983ty54stat4300047', 1, '2021-09-11 15:14:14', '2021-09-11 15:14:14');
INSERT INTO chatting.userGroup (id, user_id, group_id, is_active, created_at, modified_at) VALUES (704, '61346cfafc13ae32c8000034', '34359983ty54stat430004a', 1, '2021-09-11 15:14:14', '2021-09-11 15:14:14');
INSERT INTO chatting.userGroup (id, user_id, group_id, is_active, created_at, modified_at) VALUES (705, '61346cfafc13ae32c8000034', '34359983ty54stat4300062', 1, '2021-09-11 15:14:14', '2021-09-11 15:14:14');
INSERT INTO chatting.userGroup (id, user_id, group_id, is_active, created_at, modified_at) VALUES (706, '61346cfafc13ae32c8000034', '34359983ty54stat4300057', 1, '2021-09-11 15:14:14', '2021-09-11 15:14:14');
INSERT INTO chatting.userGroup (id, user_id, group_id, is_active, created_at, modified_at) VALUES (707, '61346cfafc13ae32c8000034', '34359983ty54stat430005f', 1, '2021-09-11 15:14:14', '2021-09-11 15:14:14');
INSERT INTO chatting.userGroup (id, user_id, group_id, is_active, created_at, modified_at) VALUES (708, '61346cfafc13ae32c8000034', '34359983ty54stat4300070', 1, '2021-09-11 15:14:14', '2021-09-11 15:14:14');
INSERT INTO chatting.userGroup (id, user_id, group_id, is_active, created_at, modified_at) VALUES (709, '61346cfafc13ae32c8000035', '34359983ty54stat4300069', 1, '2021-09-11 15:14:14', '2021-09-11 15:14:14');
INSERT INTO chatting.userGroup (id, user_id, group_id, is_active, created_at, modified_at) VALUES (710, '61346cfafc13ae32c8000035', '34359983ty54stat430006f', 1, '2021-09-11 15:14:14', '2021-09-11 15:14:14');
INSERT INTO chatting.userGroup (id, user_id, group_id, is_active, created_at, modified_at) VALUES (711, '61346cfafc13ae32c8000035', '34359983ty54stat430004c', 1, '2021-09-11 15:14:14', '2021-09-11 15:14:14');
INSERT INTO chatting.userGroup (id, user_id, group_id, is_active, created_at, modified_at) VALUES (712, '61346cfafc13ae32c8000035', '34359983ty54stat430004a', 1, '2021-09-11 15:14:14', '2021-09-11 15:14:14');
INSERT INTO chatting.userGroup (id, user_id, group_id, is_active, created_at, modified_at) VALUES (713, '61346cfafc13ae32c8000035', '34359983ty54stat4300068', 1, '2021-09-11 15:14:14', '2021-09-11 15:14:14');
INSERT INTO chatting.userGroup (id, user_id, group_id, is_active, created_at, modified_at) VALUES (714, '61346cfafc13ae32c8000035', '34359983ty54stat4300052', 1, '2021-09-11 15:14:14', '2021-09-11 15:14:14');
INSERT INTO chatting.userGroup (id, user_id, group_id, is_active, created_at, modified_at) VALUES (715, '61346cfafc13ae32c8000035', '34359983ty54stat4300057', 1, '2021-09-11 15:14:14', '2021-09-11 15:14:14');
INSERT INTO chatting.userGroup (id, user_id, group_id, is_active, created_at, modified_at) VALUES (716, '61346cfafc13ae32c8000035', '34359983ty54stat4300059', 1, '2021-09-11 15:14:14', '2021-09-11 15:14:14');
INSERT INTO chatting.userGroup (id, user_id, group_id, is_active, created_at, modified_at) VALUES (717, '61346cfafc13ae32c8000035', '34359983ty54stat4300058', 1, '2021-09-11 15:14:14', '2021-09-11 15:14:14');
INSERT INTO chatting.userGroup (id, user_id, group_id, is_active, created_at, modified_at) VALUES (718, '61346cfafc13ae32c8000035', '34359983ty54stat4300061', 1, '2021-09-11 15:14:14', '2021-09-11 15:14:14');
INSERT INTO chatting.userGroup (id, user_id, group_id, is_active, created_at, modified_at) VALUES (719, '61346cfafc13ae32c8000035', '34359983ty54stat4300063', 1, '2021-09-11 15:14:14', '2021-09-11 15:14:14');
INSERT INTO chatting.userGroup (id, user_id, group_id, is_active, created_at, modified_at) VALUES (720, '61346cfafc13ae32c8000035', '34359983ty54stat4300074', 1, '2021-09-11 15:14:14', '2021-09-11 15:14:14');
INSERT INTO chatting.userGroup (id, user_id, group_id, is_active, created_at, modified_at) VALUES (721, '61346cfafc13ae32c8000035', '34359983ty54stat4300073', 1, '2021-09-11 15:14:14', '2021-09-11 15:14:14');
INSERT INTO chatting.userGroup (id, user_id, group_id, is_active, created_at, modified_at) VALUES (722, '61346cfafc13ae32c8000035', '34359983ty54stat4300047', 1, '2021-09-11 15:14:14', '2021-09-11 15:14:14');
INSERT INTO chatting.userGroup (id, user_id, group_id, is_active, created_at, modified_at) VALUES (723, '61346cfafc13ae32c8000035', '34359983ty54stat430005d', 1, '2021-09-11 15:14:14', '2021-09-11 15:14:14');
INSERT INTO chatting.userGroup (id, user_id, group_id, is_active, created_at, modified_at) VALUES (724, '61346cfafc13ae32c8000036', '34359983ty54stat430006c', 1, '2021-09-11 15:14:14', '2021-09-11 15:14:14');
INSERT INTO chatting.userGroup (id, user_id, group_id, is_active, created_at, modified_at) VALUES (725, '61346cfafc13ae32c8000036', '34359983ty54stat4300049', 1, '2021-09-11 15:14:14', '2021-09-11 15:14:14');
INSERT INTO chatting.userGroup (id, user_id, group_id, is_active, created_at, modified_at) VALUES (726, '61346cfafc13ae32c8000036', '34359983ty54stat430005e', 1, '2021-09-11 15:14:14', '2021-09-11 15:14:14');
INSERT INTO chatting.userGroup (id, user_id, group_id, is_active, created_at, modified_at) VALUES (727, '61346cfafc13ae32c8000036', '34359983ty54stat4300075', 1, '2021-09-11 15:14:14', '2021-09-11 15:14:14');
INSERT INTO chatting.userGroup (id, user_id, group_id, is_active, created_at, modified_at) VALUES (728, '61346cfafc13ae32c8000036', '34359983ty54stat4300077', 1, '2021-09-11 15:14:14', '2021-09-11 15:14:14');
INSERT INTO chatting.userGroup (id, user_id, group_id, is_active, created_at, modified_at) VALUES (729, '61346cfafc13ae32c8000036', '34359983ty54stat4300054', 1, '2021-09-11 15:14:14', '2021-09-11 15:14:14');
INSERT INTO chatting.userGroup (id, user_id, group_id, is_active, created_at, modified_at) VALUES (730, '61346cfafc13ae32c8000036', '34359983ty54stat430005d', 1, '2021-09-11 15:14:14', '2021-09-11 15:14:14');
INSERT INTO chatting.userGroup (id, user_id, group_id, is_active, created_at, modified_at) VALUES (731, '61346cfafc13ae32c8000036', '34359983ty54stat430006f', 1, '2021-09-11 15:14:14', '2021-09-11 15:14:14');
INSERT INTO chatting.userGroup (id, user_id, group_id, is_active, created_at, modified_at) VALUES (732, '61346cfafc13ae32c8000036', '34359983ty54stat4300066', 1, '2021-09-11 15:14:14', '2021-09-11 15:14:14');
INSERT INTO chatting.userGroup (id, user_id, group_id, is_active, created_at, modified_at) VALUES (733, '61346cfafc13ae32c8000036', '34359983ty54stat4300053', 1, '2021-09-11 15:14:14', '2021-09-11 15:14:14');
INSERT INTO chatting.userGroup (id, user_id, group_id, is_active, created_at, modified_at) VALUES (734, '61346cfafc13ae32c8000036', '34359983ty54stat430004b', 1, '2021-09-11 15:14:14', '2021-09-11 15:14:14');
INSERT INTO chatting.userGroup (id, user_id, group_id, is_active, created_at, modified_at) VALUES (735, '61346cfafc13ae32c8000036', '34359983ty54stat4300074', 1, '2021-09-11 15:14:14', '2021-09-11 15:14:14');
INSERT INTO chatting.userGroup (id, user_id, group_id, is_active, created_at, modified_at) VALUES (736, '61346cfafc13ae32c8000036', '34359983ty54stat4300057', 1, '2021-09-11 15:14:14', '2021-09-11 15:14:14');
INSERT INTO chatting.userGroup (id, user_id, group_id, is_active, created_at, modified_at) VALUES (737, '61346cfafc13ae32c8000036', '34359983ty54stat4300072', 1, '2021-09-11 15:14:14', '2021-09-11 15:14:14');
INSERT INTO chatting.userGroup (id, user_id, group_id, is_active, created_at, modified_at) VALUES (738, '61346cfafc13ae32c8000036', '34359983ty54stat4300059', 1, '2021-09-11 15:14:14', '2021-09-11 15:14:14');
INSERT INTO chatting.userGroup (id, user_id, group_id, is_active, created_at, modified_at) VALUES (739, '61346cfafc13ae32c8000036', '34359983ty54stat4300050', 1, '2021-09-11 15:14:14', '2021-09-11 15:14:14');
INSERT INTO chatting.userGroup (id, user_id, group_id, is_active, created_at, modified_at) VALUES (740, '61346cfafc13ae32c8000036', '34359983ty54stat4300076', 1, '2021-09-11 15:14:14', '2021-09-11 15:14:14');
INSERT INTO chatting.userGroup (id, user_id, group_id, is_active, created_at, modified_at) VALUES (741, '61346cfafc13ae32c8000036', '34359983ty54stat430006b', 1, '2021-09-11 15:14:14', '2021-09-11 15:14:14');
INSERT INTO chatting.userGroup (id, user_id, group_id, is_active, created_at, modified_at) VALUES (742, '61346cfafc13ae32c8000036', '34359983ty54stat4300064', 1, '2021-09-11 15:14:14', '2021-09-11 15:14:14');
INSERT INTO chatting.userGroup (id, user_id, group_id, is_active, created_at, modified_at) VALUES (743, '61346cfafc13ae32c8000036', '34359983ty54stat4300046', 1, '2021-09-11 15:14:14', '2021-09-11 15:14:14');
INSERT INTO chatting.userGroup (id, user_id, group_id, is_active, created_at, modified_at) VALUES (744, '61346cfafc13ae32c8000037', '34359983ty54stat430004f', 1, '2021-09-11 15:14:14', '2021-09-11 15:14:14');
INSERT INTO chatting.userGroup (id, user_id, group_id, is_active, created_at, modified_at) VALUES (745, '61346cfafc13ae32c8000037', '34359983ty54stat430006f', 1, '2021-09-11 15:14:14', '2021-09-11 15:14:14');
INSERT INTO chatting.userGroup (id, user_id, group_id, is_active, created_at, modified_at) VALUES (746, '61346cfafc13ae32c8000037', '34359983ty54stat4300062', 1, '2021-09-11 15:14:14', '2021-09-11 15:14:14');
INSERT INTO chatting.userGroup (id, user_id, group_id, is_active, created_at, modified_at) VALUES (747, '61346cfafc13ae32c8000037', '34359983ty54stat4300048', 1, '2021-09-11 15:14:14', '2021-09-11 15:14:14');
INSERT INTO chatting.userGroup (id, user_id, group_id, is_active, created_at, modified_at) VALUES (748, '61346cfafc13ae32c8000037', '34359983ty54stat4300051', 1, '2021-09-11 15:14:14', '2021-09-11 15:14:14');
INSERT INTO chatting.userGroup (id, user_id, group_id, is_active, created_at, modified_at) VALUES (749, '61346cfafc13ae32c8000037', '34359983ty54stat4300070', 1, '2021-09-11 15:14:14', '2021-09-11 15:14:14');
INSERT INTO chatting.userGroup (id, user_id, group_id, is_active, created_at, modified_at) VALUES (750, '61346cfafc13ae32c8000037', '34359983ty54stat4300074', 1, '2021-09-11 15:14:14', '2021-09-11 15:14:14');
INSERT INTO chatting.userGroup (id, user_id, group_id, is_active, created_at, modified_at) VALUES (751, '61346cfafc13ae32c8000037', '34359983ty54stat430006a', 1, '2021-09-11 15:14:14', '2021-09-11 15:14:14');
INSERT INTO chatting.userGroup (id, user_id, group_id, is_active, created_at, modified_at) VALUES (752, '61346cfafc13ae32c8000037', '34359983ty54stat4300068', 1, '2021-09-11 15:14:14', '2021-09-11 15:14:14');
INSERT INTO chatting.userGroup (id, user_id, group_id, is_active, created_at, modified_at) VALUES (753, '61346cfafc13ae32c8000037', '34359983ty54stat4300067', 1, '2021-09-11 15:14:14', '2021-09-11 15:14:14');
INSERT INTO chatting.userGroup (id, user_id, group_id, is_active, created_at, modified_at) VALUES (754, '61346cfafc13ae32c8000037', '34359983ty54stat4300050', 1, '2021-09-11 15:14:14', '2021-09-11 15:14:14');
INSERT INTO chatting.userGroup (id, user_id, group_id, is_active, created_at, modified_at) VALUES (755, '61346cfafc13ae32c8000037', '34359983ty54stat4300053', 1, '2021-09-11 15:14:14', '2021-09-11 15:14:14');
INSERT INTO chatting.userGroup (id, user_id, group_id, is_active, created_at, modified_at) VALUES (756, '61346cfafc13ae32c8000037', '34359983ty54stat430005f', 1, '2021-09-11 15:14:14', '2021-09-11 15:14:14');
INSERT INTO chatting.userGroup (id, user_id, group_id, is_active, created_at, modified_at) VALUES (757, '61346cfafc13ae32c8000037', '34359983ty54stat430005a', 1, '2021-09-11 15:14:14', '2021-09-11 15:14:14');
INSERT INTO chatting.userGroup (id, user_id, group_id, is_active, created_at, modified_at) VALUES (758, '61346cfafc13ae32c8000037', '34359983ty54stat430005b', 1, '2021-09-11 15:14:14', '2021-09-11 15:14:14');
INSERT INTO chatting.userGroup (id, user_id, group_id, is_active, created_at, modified_at) VALUES (759, '61346cfafc13ae32c8000037', '34359983ty54stat430004b', 1, '2021-09-11 15:14:14', '2021-09-11 15:14:14');
INSERT INTO chatting.userGroup (id, user_id, group_id, is_active, created_at, modified_at) VALUES (760, '61346cfafc13ae32c8000038', '34359983ty54stat4300063', 1, '2021-09-11 15:14:14', '2021-09-11 15:14:14');
INSERT INTO chatting.userGroup (id, user_id, group_id, is_active, created_at, modified_at) VALUES (761, '61346cfafc13ae32c8000038', '34359983ty54stat4300065', 1, '2021-09-11 15:14:14', '2021-09-11 15:14:14');
INSERT INTO chatting.userGroup (id, user_id, group_id, is_active, created_at, modified_at) VALUES (762, '61346cfafc13ae32c8000038', '34359983ty54stat4300056', 1, '2021-09-11 15:14:14', '2021-09-11 15:14:14');
INSERT INTO chatting.userGroup (id, user_id, group_id, is_active, created_at, modified_at) VALUES (763, '61346cfafc13ae32c8000038', '34359983ty54stat430004d', 1, '2021-09-11 15:14:14', '2021-09-11 15:14:14');
INSERT INTO chatting.userGroup (id, user_id, group_id, is_active, created_at, modified_at) VALUES (764, '61346cfafc13ae32c8000038', '34359983ty54stat4300055', 1, '2021-09-11 15:14:14', '2021-09-11 15:14:14');
INSERT INTO chatting.userGroup (id, user_id, group_id, is_active, created_at, modified_at) VALUES (765, '61346cfafc13ae32c8000038', '34359983ty54stat4300068', 1, '2021-09-11 15:14:14', '2021-09-11 15:14:14');
INSERT INTO chatting.userGroup (id, user_id, group_id, is_active, created_at, modified_at) VALUES (766, '61346cfafc13ae32c8000038', '34359983ty54stat430005f', 1, '2021-09-11 15:14:14', '2021-09-11 15:14:14');
INSERT INTO chatting.userGroup (id, user_id, group_id, is_active, created_at, modified_at) VALUES (767, '61346cfafc13ae32c8000038', '34359983ty54stat4300061', 1, '2021-09-11 15:14:14', '2021-09-11 15:14:14');
INSERT INTO chatting.userGroup (id, user_id, group_id, is_active, created_at, modified_at) VALUES (768, '61346cfafc13ae32c8000038', '34359983ty54stat4300059', 1, '2021-09-11 15:14:14', '2021-09-11 15:14:14');
INSERT INTO chatting.userGroup (id, user_id, group_id, is_active, created_at, modified_at) VALUES (769, '61346cfafc13ae32c8000038', '34359983ty54stat430006b', 1, '2021-09-11 15:14:14', '2021-09-11 15:14:14');
INSERT INTO chatting.userGroup (id, user_id, group_id, is_active, created_at, modified_at) VALUES (770, '61346cfafc13ae32c8000038', '34359983ty54stat4300049', 1, '2021-09-11 15:14:14', '2021-09-11 15:14:14');
INSERT INTO chatting.userGroup (id, user_id, group_id, is_active, created_at, modified_at) VALUES (771, '61346cfafc13ae32c8000038', '34359983ty54stat4300047', 1, '2021-09-11 15:14:14', '2021-09-11 15:14:14');
INSERT INTO chatting.userGroup (id, user_id, group_id, is_active, created_at, modified_at) VALUES (772, '61346cfafc13ae32c8000038', '34359983ty54stat4300076', 1, '2021-09-11 15:14:14', '2021-09-11 15:14:14');
INSERT INTO chatting.userGroup (id, user_id, group_id, is_active, created_at, modified_at) VALUES (773, '61346cfafc13ae32c8000038', '34359983ty54stat430004b', 1, '2021-09-11 15:14:14', '2021-09-11 15:14:14');
INSERT INTO chatting.userGroup (id, user_id, group_id, is_active, created_at, modified_at) VALUES (774, '61346cfafc13ae32c8000038', '34359983ty54stat4300052', 1, '2021-09-11 15:14:14', '2021-09-11 15:14:14');
INSERT INTO chatting.userGroup (id, user_id, group_id, is_active, created_at, modified_at) VALUES (775, '61346cfafc13ae32c8000038', '34359983ty54stat430004f', 1, '2021-09-11 15:14:14', '2021-09-11 15:14:14');
INSERT INTO chatting.userGroup (id, user_id, group_id, is_active, created_at, modified_at) VALUES (776, '61346cfafc13ae32c8000038', '34359983ty54stat4300053', 1, '2021-09-11 15:14:14', '2021-09-11 15:14:14');
INSERT INTO chatting.userGroup (id, user_id, group_id, is_active, created_at, modified_at) VALUES (777, '61346cfafc13ae32c8000038', '34359983ty54stat4300050', 1, '2021-09-11 15:14:14', '2021-09-11 15:14:14');
INSERT INTO chatting.userGroup (id, user_id, group_id, is_active, created_at, modified_at) VALUES (778, '61346cfafc13ae32c8000038', '34359983ty54stat4300066', 1, '2021-09-11 15:14:14', '2021-09-11 15:14:14');
INSERT INTO chatting.userGroup (id, user_id, group_id, is_active, created_at, modified_at) VALUES (779, '61346cfafc13ae32c8000038', '34359983ty54stat4300074', 1, '2021-09-11 15:14:14', '2021-09-11 15:14:14');
INSERT INTO chatting.userGroup (id, user_id, group_id, is_active, created_at, modified_at) VALUES (780, '61346cfafc13ae32c8000039', '34359983ty54stat4300061', 1, '2021-09-11 15:14:14', '2021-09-11 15:14:14');
INSERT INTO chatting.userGroup (id, user_id, group_id, is_active, created_at, modified_at) VALUES (781, '61346cfafc13ae32c8000039', '34359983ty54stat4300057', 1, '2021-09-11 15:14:14', '2021-09-11 15:14:14');
INSERT INTO chatting.userGroup (id, user_id, group_id, is_active, created_at, modified_at) VALUES (782, '61346cfafc13ae32c8000039', '34359983ty54stat4300062', 1, '2021-09-11 15:14:14', '2021-09-11 15:14:14');
INSERT INTO chatting.userGroup (id, user_id, group_id, is_active, created_at, modified_at) VALUES (783, '61346cfafc13ae32c8000039', '34359983ty54stat4300053', 1, '2021-09-11 15:14:14', '2021-09-11 15:14:14');
INSERT INTO chatting.userGroup (id, user_id, group_id, is_active, created_at, modified_at) VALUES (784, '61346cfafc13ae32c8000039', '34359983ty54stat4300052', 1, '2021-09-11 15:14:14', '2021-09-11 15:14:14');
INSERT INTO chatting.userGroup (id, user_id, group_id, is_active, created_at, modified_at) VALUES (785, '61346cfafc13ae32c8000039', '34359983ty54stat4300076', 1, '2021-09-11 15:14:14', '2021-09-11 15:14:14');
INSERT INTO chatting.userGroup (id, user_id, group_id, is_active, created_at, modified_at) VALUES (786, '61346cfafc13ae32c8000039', '34359983ty54stat4300065', 1, '2021-09-11 15:14:14', '2021-09-11 15:14:14');
INSERT INTO chatting.userGroup (id, user_id, group_id, is_active, created_at, modified_at) VALUES (787, '61346cfafc13ae32c8000039', '34359983ty54stat4300049', 1, '2021-09-11 15:14:14', '2021-09-11 15:14:14');
INSERT INTO chatting.userGroup (id, user_id, group_id, is_active, created_at, modified_at) VALUES (788, '61346cfafc13ae32c8000039', '34359983ty54stat4300048', 1, '2021-09-11 15:14:14', '2021-09-11 15:14:14');
INSERT INTO chatting.userGroup (id, user_id, group_id, is_active, created_at, modified_at) VALUES (789, '61346cfafc13ae32c8000039', '34359983ty54stat4300056', 1, '2021-09-11 15:14:14', '2021-09-11 15:14:14');
INSERT INTO chatting.userGroup (id, user_id, group_id, is_active, created_at, modified_at) VALUES (790, '61346cfafc13ae32c8000039', '34359983ty54stat430005f', 1, '2021-09-11 15:14:14', '2021-09-11 15:14:14');
INSERT INTO chatting.userGroup (id, user_id, group_id, is_active, created_at, modified_at) VALUES (791, '61346cfafc13ae32c8000039', '34359983ty54stat4300075', 1, '2021-09-11 15:14:14', '2021-09-11 15:14:14');
INSERT INTO chatting.userGroup (id, user_id, group_id, is_active, created_at, modified_at) VALUES (792, '61346cfafc13ae32c8000039', '34359983ty54stat430004c', 1, '2021-09-11 15:14:14', '2021-09-11 15:14:14');
INSERT INTO chatting.userGroup (id, user_id, group_id, is_active, created_at, modified_at) VALUES (793, '61346cfafc13ae32c8000039', '34359983ty54stat430005a', 1, '2021-09-11 15:14:14', '2021-09-11 15:14:14');
INSERT INTO chatting.userGroup (id, user_id, group_id, is_active, created_at, modified_at) VALUES (794, '61346cfafc13ae32c8000039', '34359983ty54stat430005d', 1, '2021-09-11 15:14:14', '2021-09-11 15:14:14');
INSERT INTO chatting.userGroup (id, user_id, group_id, is_active, created_at, modified_at) VALUES (795, '61346cfafc13ae32c800003a', '34359983ty54stat430004b', 1, '2021-09-11 15:14:14', '2021-09-11 15:14:14');
INSERT INTO chatting.userGroup (id, user_id, group_id, is_active, created_at, modified_at) VALUES (796, '61346cfafc13ae32c800003a', '34359983ty54stat4300072', 1, '2021-09-11 15:14:14', '2021-09-11 15:14:14');
INSERT INTO chatting.userGroup (id, user_id, group_id, is_active, created_at, modified_at) VALUES (797, '61346cfafc13ae32c800003a', '34359983ty54stat4300057', 1, '2021-09-11 15:14:14', '2021-09-11 15:14:14');
INSERT INTO chatting.userGroup (id, user_id, group_id, is_active, created_at, modified_at) VALUES (798, '61346cfafc13ae32c800003a', '34359983ty54stat4300062', 1, '2021-09-11 15:14:14', '2021-09-11 15:14:14');
INSERT INTO chatting.userGroup (id, user_id, group_id, is_active, created_at, modified_at) VALUES (799, '61346cfafc13ae32c800003a', '34359983ty54stat430004a', 1, '2021-09-11 15:14:14', '2021-09-11 15:14:14');
INSERT INTO chatting.userGroup (id, user_id, group_id, is_active, created_at, modified_at) VALUES (800, '61346cfafc13ae32c800003a', '34359983ty54stat430005c', 1, '2021-09-11 15:14:14', '2021-09-11 15:14:14');
INSERT INTO chatting.userGroup (id, user_id, group_id, is_active, created_at, modified_at) VALUES (801, '61346cfafc13ae32c800003a', '34359983ty54stat4300065', 1, '2021-09-11 15:14:14', '2021-09-11 15:14:14');
INSERT INTO chatting.userGroup (id, user_id, group_id, is_active, created_at, modified_at) VALUES (802, '61346cfafc13ae32c800003a', '34359983ty54stat4300047', 1, '2021-09-11 15:14:14', '2021-09-11 15:14:14');
INSERT INTO chatting.userGroup (id, user_id, group_id, is_active, created_at, modified_at) VALUES (803, '61346cfafc13ae32c800003a', '34359983ty54stat4300050', 1, '2021-09-11 15:14:14', '2021-09-11 15:14:14');
INSERT INTO chatting.userGroup (id, user_id, group_id, is_active, created_at, modified_at) VALUES (804, '61346cfafc13ae32c800003a', '34359983ty54stat4300075', 1, '2021-09-11 15:14:14', '2021-09-11 15:14:14');
INSERT INTO chatting.userGroup (id, user_id, group_id, is_active, created_at, modified_at) VALUES (805, '61346cfafc13ae32c800003a', '34359983ty54stat430005f', 1, '2021-09-11 15:14:14', '2021-09-11 15:14:14');
INSERT INTO chatting.userGroup (id, user_id, group_id, is_active, created_at, modified_at) VALUES (806, '61346cfafc13ae32c800003a', '34359983ty54stat4300077', 1, '2021-09-11 15:14:14', '2021-09-11 15:14:14');
INSERT INTO chatting.userGroup (id, user_id, group_id, is_active, created_at, modified_at) VALUES (807, '61346cfafc13ae32c800003a', '34359983ty54stat4300070', 1, '2021-09-11 15:14:14', '2021-09-11 15:14:14');
INSERT INTO chatting.userGroup (id, user_id, group_id, is_active, created_at, modified_at) VALUES (808, '61346cfafc13ae32c800003a', '34359983ty54stat4300054', 1, '2021-09-11 15:14:14', '2021-09-11 15:14:14');
INSERT INTO chatting.userGroup (id, user_id, group_id, is_active, created_at, modified_at) VALUES (809, '61346cfafc13ae32c800003b', '34359983ty54stat430006f', 1, '2021-09-11 15:14:14', '2021-09-11 15:14:14');
INSERT INTO chatting.userGroup (id, user_id, group_id, is_active, created_at, modified_at) VALUES (810, '61346cfafc13ae32c800003b', '34359983ty54stat430004c', 1, '2021-09-11 15:14:14', '2021-09-11 15:14:14');
INSERT INTO chatting.userGroup (id, user_id, group_id, is_active, created_at, modified_at) VALUES (811, '61346cfafc13ae32c800003b', '34359983ty54stat430006a', 1, '2021-09-11 15:14:14', '2021-09-11 15:14:14');
INSERT INTO chatting.userGroup (id, user_id, group_id, is_active, created_at, modified_at) VALUES (812, '61346cfafc13ae32c800003b', '34359983ty54stat4300075', 1, '2021-09-11 15:14:14', '2021-09-11 15:14:14');
INSERT INTO chatting.userGroup (id, user_id, group_id, is_active, created_at, modified_at) VALUES (813, '61346cfafc13ae32c800003b', '34359983ty54stat430005d', 1, '2021-09-11 15:14:14', '2021-09-11 15:14:14');
INSERT INTO chatting.userGroup (id, user_id, group_id, is_active, created_at, modified_at) VALUES (814, '61346cfafc13ae32c800003b', '34359983ty54stat4300072', 1, '2021-09-11 15:14:14', '2021-09-11 15:14:14');
INSERT INTO chatting.userGroup (id, user_id, group_id, is_active, created_at, modified_at) VALUES (815, '61346cfafc13ae32c800003b', '34359983ty54stat4300051', 1, '2021-09-11 15:14:14', '2021-09-11 15:14:14');
INSERT INTO chatting.userGroup (id, user_id, group_id, is_active, created_at, modified_at) VALUES (816, '61346cfafc13ae32c800003b', '34359983ty54stat4300058', 1, '2021-09-11 15:14:14', '2021-09-11 15:14:14');
INSERT INTO chatting.userGroup (id, user_id, group_id, is_active, created_at, modified_at) VALUES (817, '61346cfafc13ae32c800003b', '34359983ty54stat430004f', 1, '2021-09-11 15:14:14', '2021-09-11 15:14:14');
INSERT INTO chatting.userGroup (id, user_id, group_id, is_active, created_at, modified_at) VALUES (818, '61346cfafc13ae32c800003b', '34359983ty54stat4300069', 1, '2021-09-11 15:14:14', '2021-09-11 15:14:14');
INSERT INTO chatting.userGroup (id, user_id, group_id, is_active, created_at, modified_at) VALUES (819, '61346cfafc13ae32c800003b', '34359983ty54stat4300056', 1, '2021-09-11 15:14:14', '2021-09-11 15:14:14');
INSERT INTO chatting.userGroup (id, user_id, group_id, is_active, created_at, modified_at) VALUES (820, '61346cfafc13ae32c800003b', '34359983ty54stat430004d', 1, '2021-09-11 15:14:14', '2021-09-11 15:14:14');
INSERT INTO chatting.userGroup (id, user_id, group_id, is_active, created_at, modified_at) VALUES (821, '61346cfafc13ae32c800003b', '34359983ty54stat4300071', 1, '2021-09-11 15:14:14', '2021-09-11 15:14:14');
INSERT INTO chatting.userGroup (id, user_id, group_id, is_active, created_at, modified_at) VALUES (822, '61346cfafc13ae32c800003b', '34359983ty54stat4300067', 1, '2021-09-11 15:14:14', '2021-09-11 15:14:14');
INSERT INTO chatting.userGroup (id, user_id, group_id, is_active, created_at, modified_at) VALUES (823, '61346cfafc13ae32c800003b', '34359983ty54stat4300054', 1, '2021-09-11 15:14:14', '2021-09-11 15:14:14');
